factory_id,project_id,date,priority_level,predicted_hours,actual_hours,risk_label,base_value,shap_distance_km,shap_weather_index,shap_traffic_index,shap_base_production_per_week,shap_production_variability,shap_routing_complexity,shap_supply_risk,shap_external_severity,shap_day_of_week,shap_is_weekend,shap_week_of_month,shap_priority_encoded,top_driver_1,top_driver_1_shap,top_driver_2,top_driver_2_shap,top_driver_3,top_driver_3_shap,top_mitigator,mitigator_shap,plain_explanation
F4,P172,2026-04-25,High,5.83,5.98,low risk,7.697,1.549,-0.396,-0.574,0.222,0.0,0.067,-0.024,-2.746,0.024,0.002,0.55,-0.052,distance_km,1.549,week_of_month,0.55,base_production_per_week,0.222,supply_risk,-0.024,Base: 7.7h | Drivers: distance_km: +1.55h | week_of_month: +0.55h | base_production_per_week: +0.22h | Helping: supply_risk: -0.02h
F5,P120,2026-04-25,Low,5.86,2.76,low risk,7.697,1.693,-0.41,-0.55,-0.167,-0.028,0.041,-0.017,-2.905,0.067,-0.0,0.283,0.055,distance_km,1.693,week_of_month,0.283,day_of_week,0.067,is_weekend,-0.0,Base: 7.7h | Drivers: distance_km: +1.69h | week_of_month: +0.28h | day_of_week: +0.07h | Helping: is_weekend: -0.00h
F2,P4,2026-04-25,High,4.72,5.95,low risk,7.697,-0.208,-0.311,-0.533,-0.056,-0.005,0.052,0.022,-2.2,0.02,0.002,0.296,-0.04,week_of_month,0.296,routing_complexity,0.052,supply_risk,0.022,production_variability,-0.005,Base: 7.7h | Drivers: week_of_month: +0.30h | routing_complexity: +0.05h | supply_risk: +0.02h | Helping: production_variability: -0.01h
F3,P144,2026-04-25,Medium,7.43,8.57,HIGH RISK,7.697,4.112,-0.351,-0.679,0.018,-0.028,0.087,0.022,-3.457,0.051,0.006,0.47,0.045,distance_km,4.112,week_of_month,0.47,routing_complexity,0.087,production_variability,-0.028,Base: 7.7h | Drivers: distance_km: +4.11h | week_of_month: +0.47h | routing_complexity: +0.09h | Helping: production_variability: -0.03h
F1,P169,2026-04-25,Low,2.6,2.74,low risk,7.697,-3.12,-0.16,-0.244,-0.109,-0.003,-0.03,-0.009,-1.955,-0.016,-0.0,0.438,0.114,week_of_month,0.438,priority_encoded,0.114,is_weekend,-0.0,is_weekend,-0.0,Base: 7.7h | Drivers: week_of_month: +0.44h | priority_encoded: +0.11h | Helping: is_weekend: -0.00h
F3,P109,2026-04-25,High,3.35,3.8,low risk,7.697,-1.924,-0.212,-0.349,-0.078,-0.03,-0.196,0.037,-2.054,0.013,0.002,0.284,-0.034,week_of_month,0.284,supply_risk,0.037,day_of_week,0.013,production_variability,-0.03,Base: 7.7h | Drivers: week_of_month: +0.28h | supply_risk: +0.04h | day_of_week: +0.01h | Helping: production_variability: -0.03h
F5,P177,2026-04-25,Medium,1.7,1.95,low risk,7.697,-3.927,-0.138,-0.304,-0.109,-0.057,-0.037,-0.01,-1.862,0.012,-0.0,0.307,-0.024,week_of_month,0.307,day_of_week,0.012,is_weekend,-0.0,is_weekend,-0.0,Base: 7.7h | Drivers: week_of_month: +0.31h | day_of_week: +0.01h | Helping: is_weekend: -0.00h
F5,P189,2026-04-25,High,6.77,9.21,low risk,7.697,3.114,-0.399,-0.922,-0.135,-0.028,-0.096,-0.021,-3.06,0.048,0.002,0.274,-0.037,distance_km,3.114,week_of_month,0.274,day_of_week,0.048,supply_risk,-0.021,Base: 7.7h | Drivers: distance_km: +3.11h | week_of_month: +0.27h | day_of_week: +0.05h | Helping: supply_risk: -0.02h
F4,P103,2026-04-25,High,5.23,6.16,low risk,7.697,0.299,-0.314,-0.476,0.213,-0.001,0.058,-0.013,-2.518,0.024,0.002,0.503,-0.052,week_of_month,0.503,distance_km,0.299,base_production_per_week,0.213,production_variability,-0.001,Base: 7.7h | Drivers: week_of_month: +0.50h | distance_km: +0.30h | base_production_per_week: +0.21h | Helping: production_variability: -0.00h
F5,P191,2026-04-25,Low,6.24,5.24,low risk,7.697,2.239,-0.421,-0.656,-0.105,-0.027,-0.091,-0.021,-3.023,0.041,-0.0,0.268,0.034,distance_km,2.239,week_of_month,0.268,day_of_week,0.041,is_weekend,-0.0,Base: 7.7h | Drivers: distance_km: +2.24h | week_of_month: +0.27h | day_of_week: +0.04h | Helping: is_weekend: -0.00h
F4,P192,2026-04-25,Low,3.93,2.12,low risk,7.697,-1.433,-0.271,-0.289,0.177,-0.029,-0.055,-0.008,-2.202,0.012,-0.0,0.287,0.073,week_of_month,0.287,base_production_per_week,0.177,priority_encoded,0.073,is_weekend,-0.0,Base: 7.7h | Drivers: week_of_month: +0.29h | base_production_per_week: +0.18h | priority_encoded: +0.07h | Helping: is_weekend: -0.00h
F4,P44,2026-04-25,Medium,7.63,9.81,HIGH RISK,7.697,4.146,-0.339,-0.727,0.245,0.015,0.084,-0.024,-3.463,0.051,0.006,0.443,0.044,distance_km,4.146,week_of_month,0.443,base_production_per_week,0.245,supply_risk,-0.024,Base: 7.7h | Drivers: distance_km: +4.15h | week_of_month: +0.44h | base_production_per_week: +0.24h | Helping: supply_risk: -0.02h
F2,P121,2026-04-25,Medium,4.72,2.21,low risk,7.697,-0.241,-0.323,-0.48,-0.05,-0.004,-0.056,0.008,-2.248,0.02,-0.0,0.296,-0.013,week_of_month,0.296,day_of_week,0.02,supply_risk,0.008,is_weekend,-0.0,Base: 7.7h | Drivers: week_of_month: +0.30h | day_of_week: +0.02h | supply_risk: +0.01h | Helping: is_weekend: -0.00h
F4,P19,2026-04-25,Medium,7.63,8.91,HIGH RISK,7.697,4.104,-0.339,-0.736,0.244,0.018,-0.187,-0.024,-3.562,0.045,0.006,0.473,0.052,distance_km,4.104,week_of_month,0.473,base_production_per_week,0.244,supply_risk,-0.024,Base: 7.7h | Drivers: distance_km: +4.10h | week_of_month: +0.47h | base_production_per_week: +0.24h | Helping: supply_risk: -0.02h
F2,P140,2026-04-25,Low,3.03,2.43,low risk,7.697,-2.594,-0.148,-0.34,-0.06,0.053,0.043,0.026,-1.818,0.011,-0.0,0.29,0.074,week_of_month,0.29,priority_encoded,0.074,production_variability,0.053,is_weekend,-0.0,Base: 7.7h | Drivers: week_of_month: +0.29h | priority_encoded: +0.07h | production_variability: +0.05h | Helping: is_weekend: -0.00h
F4,P37,2026-04-25,High,3.89,1.43,low risk,7.697,-1.495,-0.285,-0.339,0.212,-0.029,0.042,-0.013,-2.2,0.014,0.002,0.503,-0.051,week_of_month,0.503,base_production_per_week,0.212,routing_complexity,0.042,supply_risk,-0.013,Base: 7.7h | Drivers: week_of_month: +0.50h | base_production_per_week: +0.21h | routing_complexity: +0.04h | Helping: supply_risk: -0.01h
F2,P55,2026-04-25,High,5.54,5.19,low risk,7.697,1.107,-0.367,-0.658,-0.133,0.001,0.072,0.022,-2.498,0.024,0.002,0.448,-0.051,distance_km,1.107,week_of_month,0.448,routing_complexity,0.072,priority_encoded,-0.051,Base: 7.7h | Drivers: distance_km: +1.11h | week_of_month: +0.45h | routing_complexity: +0.07h | Helping: priority_encoded: -0.05h
F1,P33,2026-04-25,Medium,7.37,9.45,HIGH RISK,7.697,3.993,-0.338,-0.767,0.026,-0.012,-0.01,-0.021,-3.432,0.094,0.006,0.295,0.023,distance_km,3.993,week_of_month,0.295,day_of_week,0.094,routing_complexity,-0.01,Base: 7.7h | Drivers: distance_km: +3.99h | week_of_month: +0.29h | day_of_week: +0.09h | Helping: routing_complexity: -0.01h
F3,P86,2026-04-25,Low,4.67,3.88,low risk,7.697,-0.193,-0.333,-0.415,-0.049,-0.003,-0.294,0.005,-2.414,0.014,-0.0,0.287,0.032,week_of_month,0.287,priority_encoded,0.032,day_of_week,0.014,is_weekend,-0.0,Base: 7.7h | Drivers: week_of_month: +0.29h | priority_encoded: +0.03h | day_of_week: +0.01h | Helping: is_weekend: -0.00h
F3,P42,2026-04-25,Low,6.19,3.63,low risk,7.697,2.254,-0.449,-0.584,-0.017,-0.001,-0.066,-0.008,-3.002,0.045,-0.0,0.464,0.024,distance_km,2.254,week_of_month,0.464,day_of_week,0.045,is_weekend,-0.0,Base: 7.7h | Drivers: distance_km: +2.25h | week_of_month: +0.46h | day_of_week: +0.05h | Helping: is_weekend: -0.00h
F3,P32,2026-04-25,Medium,2.66,1.95,low risk,7.697,-2.878,-0.173,-0.319,-0.076,-0.031,-0.198,0.037,-1.878,0.013,-0.0,0.284,-0.01,week_of_month,0.284,supply_risk,0.037,day_of_week,0.013,is_weekend,-0.0,Base: 7.7h | Drivers: week_of_month: +0.28h | supply_risk: +0.04h | day_of_week: +0.01h | Helping: is_weekend: -0.00h
F5,P11,2026-04-25,High,0.45,0.78,low risk,7.697,-5.265,-0.121,-0.302,-0.11,-0.057,0.0,-0.013,-1.831,0.013,0.002,0.346,-0.048,week_of_month,0.346,day_of_week,0.013,is_weekend,0.002,supply_risk,-0.013,Base: 7.7h | Drivers: week_of_month: +0.35h | day_of_week: +0.01h | is_weekend: +0.00h | Helping: supply_risk: -0.01h
F5,P105,2026-04-25,Low,7.23,4.69,low risk,7.697,3.839,-0.338,-0.696,-0.14,-0.013,-0.044,-0.017,-3.665,0.066,0.006,0.268,0.052,distance_km,3.839,week_of_month,0.268,day_of_week,0.066,production_variability,-0.013,Base: 7.7h | Drivers: distance_km: +3.84h | week_of_month: +0.27h | day_of_week: +0.07h | Helping: production_variability: -0.01h
F4,P129,2026-04-25,Medium,6.44,6.41,low risk,7.697,2.312,-0.443,-0.684,0.181,0.001,-0.098,-0.021,-2.851,0.048,-0.0,0.26,-0.004,distance_km,2.312,week_of_month,0.26,base_production_per_week,0.181,is_weekend,-0.0,Base: 7.7h | Drivers: distance_km: +2.31h | week_of_month: +0.26h | base_production_per_week: +0.18h | Helping: is_weekend: -0.00h
F3,P8,2026-04-25,Low,6.24,6.24,low risk,7.697,2.293,-0.45,-0.545,-0.049,-0.001,-0.031,-0.005,-2.98,0.041,-0.0,0.245,0.011,distance_km,2.293,week_of_month,0.245,day_of_week,0.041,is_weekend,-0.0,Base: 7.7h | Drivers: distance_km: +2.29h | week_of_month: +0.24h | day_of_week: +0.04h | Helping: is_weekend: -0.00h
F5,P139,2026-04-25,Medium,3.71,3.51,low risk,7.697,-1.411,-0.273,-0.385,-0.189,-0.057,-0.001,-0.013,-2.189,0.017,-0.0,0.404,-0.034,week_of_month,0.404,day_of_week,0.017,is_weekend,-0.0,is_weekend,-0.0,Base: 7.7h | Drivers: week_of_month: +0.40h | day_of_week: +0.02h | Helping: is_weekend: -0.00h
F5,P130,2026-04-25,High,3.99,3.29,low risk,7.697,-1.061,-0.274,-0.409,-0.188,-0.026,-0.064,-0.013,-2.345,-0.006,0.002,0.414,-0.049,week_of_month,0.414,is_weekend,0.002,day_of_week,-0.006,day_of_week,-0.006,Base: 7.7h | Drivers: week_of_month: +0.41h | is_weekend: +0.00h | Helping: day_of_week: -0.01h
F4,P16,2026-04-25,Low,2.56,2.45,low risk,7.697,-3.232,-0.142,-0.22,0.21,-0.029,0.058,-0.009,-1.968,0.011,-0.0,0.497,0.074,week_of_month,0.497,base_production_per_week,0.21,priority_encoded,0.074,is_weekend,-0.0,Base: 7.7h | Drivers: week_of_month: +0.50h | base_production_per_week: +0.21h | priority_encoded: +0.07h | Helping: is_weekend: -0.00h
F2,P31,2026-04-25,High,3.87,3.3,low risk,7.697,-1.391,-0.278,-0.397,-0.134,0.053,0.039,0.022,-2.061,0.014,0.002,0.394,-0.05,week_of_month,0.394,production_variability,0.053,routing_complexity,0.039,priority_encoded,-0.05,Base: 7.7h | Drivers: week_of_month: +0.39h | production_variability: +0.05h | routing_complexity: +0.04h | Helping: priority_encoded: -0.05h
F3,P62,2026-04-25,Low,6.19,2.89,low risk,7.697,2.153,-0.442,-0.506,0.016,-0.002,0.07,-0.008,-2.898,0.078,-0.0,0.541,0.033,distance_km,2.153,week_of_month,0.541,day_of_week,0.078,is_weekend,-0.0,Base: 7.7h | Drivers: distance_km: +2.15h | week_of_month: +0.54h | day_of_week: +0.08h | Helping: is_weekend: -0.00h
F2,P167,2026-04-25,High,3.28,3.62,low risk,7.697,-2.144,-0.172,-0.4,-0.134,0.036,0.062,0.022,-1.97,0.017,0.002,0.404,-0.061,week_of_month,0.404,routing_complexity,0.062,production_variability,0.036,priority_encoded,-0.061,Base: 7.7h | Drivers: week_of_month: +0.40h | routing_complexity: +0.06h | production_variability: +0.04h | Helping: priority_encoded: -0.06h
F1,P34,2026-04-25,High,2.84,1.38,low risk,7.697,-2.804,-0.191,-0.342,0.061,-0.014,0.383,-0.01,-1.851,0.013,0.002,0.327,-0.036,routing_complexity,0.383,week_of_month,0.327,base_production_per_week,0.061,supply_risk,-0.01,Base: 7.7h | Drivers: routing_complexity: +0.38h | week_of_month: +0.33h | base_production_per_week: +0.06h | Helping: supply_risk: -0.01h
F5,P117,2026-04-25,Medium,1.42,0.86,low risk,7.697,-4.183,-0.142,-0.326,-0.189,-0.057,0.029,-0.013,-1.9,0.013,-0.0,0.404,-0.023,week_of_month,0.404,routing_complexity,0.029,day_of_week,0.013,is_weekend,-0.0,Base: 7.7h | Drivers: week_of_month: +0.40h | routing_complexity: +0.03h | day_of_week: +0.01h | Helping: is_weekend: -0.00h
F4,P120,2026-04-25,Low,3.54,3.3,low risk,7.697,-1.929,-0.2,-0.281,0.21,-0.028,0.063,-0.009,-2.176,0.015,-0.0,0.497,0.1,week_of_month,0.497,base_production_per_week,0.21,priority_encoded,0.1,is_weekend,-0.0,Base: 7.7h | Drivers: week_of_month: +0.50h | base_production_per_week: +0.21h | priority_encoded: +0.10h | Helping: is_weekend: -0.00h
F5,P19,2026-04-25,Medium,8.34,8.68,HIGH RISK,7.697,4.268,-0.458,-0.543,-0.216,-0.013,0.048,-0.024,-3.4,0.1,0.006,0.315,0.025,distance_km,4.268,week_of_month,0.315,day_of_week,0.1,production_variability,-0.013,Base: 7.7h | Drivers: distance_km: +4.27h | week_of_month: +0.31h | day_of_week: +0.10h | Helping: production_variability: -0.01h
F4,P65,2026-04-25,High,3.27,1.88,low risk,7.697,-2.258,-0.176,-0.339,0.175,-0.029,-0.109,-0.013,-2.082,0.013,0.002,0.332,-0.051,week_of_month,0.332,base_production_per_week,0.175,day_of_week,0.013,supply_risk,-0.013,Base: 7.7h | Drivers: week_of_month: +0.33h | base_production_per_week: +0.18h | day_of_week: +0.01h | Helping: supply_risk: -0.01h
F3,P103,2026-04-25,High,3.09,3.83,low risk,7.697,-2.215,-0.184,-0.288,-0.013,-0.031,0.027,0.034,-2.092,0.017,0.002,0.503,-0.049,week_of_month,0.503,supply_risk,0.034,routing_complexity,0.027,base_production_per_week,-0.013,Base: 7.7h | Drivers: week_of_month: +0.50h | supply_risk: +0.03h | routing_complexity: +0.03h | Helping: base_production_per_week: -0.01h
F5,P172,2026-04-25,High,5.49,4.73,low risk,7.697,0.933,-0.391,-0.625,-0.201,-0.029,0.056,-0.024,-2.628,0.02,0.002,0.449,-0.038,distance_km,0.933,week_of_month,0.449,routing_complexity,0.056,supply_risk,-0.024,Base: 7.7h | Drivers: distance_km: +0.93h | week_of_month: +0.45h | routing_complexity: +0.06h | Helping: supply_risk: -0.02h
F2,P82,2026-04-25,Medium,3.15,2.01,low risk,7.697,-2.42,-0.15,-0.42,-0.083,0.054,-0.065,0.008,-1.818,0.013,-0.0,0.287,-0.02,week_of_month,0.287,production_variability,0.054,day_of_week,0.013,is_weekend,-0.0,Base: 7.7h | Drivers: week_of_month: +0.29h | production_variability: +0.05h | day_of_week: +0.01h | Helping: is_weekend: -0.00h
F2,P123,2026-04-25,Medium,3.11,1.38,low risk,7.697,-2.47,-0.165,-0.397,-0.132,0.054,0.039,0.022,-1.891,0.013,-0.0,0.394,-0.022,week_of_month,0.394,production_variability,0.054,routing_complexity,0.039,is_weekend,-0.0,Base: 7.7h | Drivers: week_of_month: +0.39h | production_variability: +0.05h | routing_complexity: +0.04h | Helping: is_weekend: -0.00h
F5,P30,2026-04-25,Medium,6.19,4.98,low risk,7.697,2.181,-0.421,-0.703,-0.183,-0.027,0.052,-0.024,-2.859,0.048,-0.0,0.372,-0.005,distance_km,2.181,week_of_month,0.372,routing_complexity,0.052,is_weekend,-0.0,Base: 7.7h | Drivers: distance_km: +2.18h | week_of_month: +0.37h | routing_complexity: +0.05h | Helping: is_weekend: -0.00h
F3,P40,2026-04-25,Low,7.09,7.21,low risk,7.697,3.344,-0.37,-0.69,0.016,-0.0,0.023,-0.008,-3.395,0.048,-0.0,0.467,0.043,distance_km,3.344,week_of_month,0.467,day_of_week,0.048,production_variability,-0.0,Base: 7.7h | Drivers: distance_km: +3.34h | week_of_month: +0.47h | day_of_week: +0.05h | Helping: production_variability: -0.00h
F1,P38,2026-04-25,Low,5.14,3.4,low risk,7.697,0.267,-0.318,-0.423,-0.113,0.013,0.143,-0.009,-2.497,0.025,-0.0,0.428,0.082,week_of_month,0.428,distance_km,0.267,routing_complexity,0.143,is_weekend,-0.0,Base: 7.7h | Drivers: week_of_month: +0.43h | distance_km: +0.27h | routing_complexity: +0.14h | Helping: is_weekend: -0.00h
F1,P84,2026-04-26,Medium,9.86,12.37,HIGH RISK,7.697,3.747,-0.411,-0.454,-0.04,-0.016,0.435,-0.01,-0.628,0.063,-0.0,0.256,0.009,distance_km,3.747,routing_complexity,0.435,week_of_month,0.256,is_weekend,-0.0,Base: 7.7h | Drivers: distance_km: +3.75h | routing_complexity: +0.44h | week_of_month: +0.26h | Helping: is_weekend: -0.00h
F3,P184,2026-04-26,Medium,9.98,13.88,HIGH RISK,7.697,3.461,-0.384,-0.485,-0.061,-0.017,-0.037,-0.015,-0.775,0.096,-0.0,0.471,-0.019,distance_km,3.461,week_of_month,0.471,day_of_week,0.096,is_weekend,-0.0,Base: 7.7h | Drivers: distance_km: +3.46h | week_of_month: +0.47h | day_of_week: +0.10h | Helping: is_weekend: -0.00h
F2,P45,2026-04-26,Medium,1.65,0.82,low risk,7.697,-5.547,-0.138,-0.154,-0.117,0.061,-0.055,-0.008,-0.174,0.013,-0.0,0.275,-0.006,week_of_month,0.275,production_variability,0.061,day_of_week,0.013,is_weekend,-0.0,Base: 7.7h | Drivers: week_of_month: +0.27h | production_variability: +0.06h | day_of_week: +0.01h | Helping: is_weekend: -0.00h
F5,P188,2026-04-26,High,1.5,0.9,low risk,7.697,-5.691,-0.15,-0.109,-0.108,-0.039,-0.018,-0.007,-0.27,0.013,0.002,0.333,-0.043,week_of_month,0.333,day_of_week,0.013,is_weekend,0.002,supply_risk,-0.007,Base: 7.7h | Drivers: week_of_month: +0.33h | day_of_week: +0.01h | is_weekend: +0.00h | Helping: supply_risk: -0.01h
F1,P142,2026-04-26,Medium,10.7,11.97,HIGH RISK,7.697,4.75,-0.38,-0.439,-0.138,-0.042,-0.084,-0.01,-0.772,0.116,0.006,0.256,0.019,distance_km,4.75,week_of_month,0.256,day_of_week,0.116,supply_risk,-0.01,Base: 7.7h | Drivers: distance_km: +4.75h | week_of_month: +0.26h | day_of_week: +0.12h | Helping: supply_risk: -0.01h
F3,P138,2026-04-26,Medium,10.7,11.04,HIGH RISK,7.697,4.648,-0.377,-0.447,-0.063,-0.044,-0.027,-0.015,-0.842,0.076,0.006,0.469,0.047,distance_km,4.648,week_of_month,0.469,day_of_week,0.076,supply_risk,-0.015,Base: 7.7h | Drivers: distance_km: +4.65h | week_of_month: +0.47h | day_of_week: +0.08h | Helping: supply_risk: -0.02h
F1,P31,2026-04-26,High,7.56,4.86,HIGH RISK,7.697,1.144,-0.406,-0.353,-0.208,-0.019,-0.002,-0.019,-0.595,0.031,0.002,0.441,-0.052,distance_km,1.144,week_of_month,0.441,day_of_week,0.031,routing_complexity,-0.002,Base: 7.7h | Drivers: distance_km: +1.14h | week_of_month: +0.44h | day_of_week: +0.03h | Helping: routing_complexity: -0.00h
F5,P12,2026-04-26,Medium,7.91,7.22,HIGH RISK,7.697,1.467,-0.427,-0.369,-0.201,-0.016,0.062,-0.019,-0.547,0.048,-0.0,0.436,-0.012,distance_km,1.467,week_of_month,0.436,routing_complexity,0.062,is_weekend,-0.0,Base: 7.7h | Drivers: distance_km: +1.47h | week_of_month: +0.44h | routing_complexity: +0.06h | Helping: is_weekend: -0.00h
F4,P134,2026-04-26,Medium,5.59,4.82,low risk,7.697,-1.732,-0.307,-0.195,0.327,-0.008,0.178,-0.007,-0.399,0.018,-0.0,0.511,-0.018,week_of_month,0.511,base_production_per_week,0.327,routing_complexity,0.178,is_weekend,-0.0,Base: 7.7h | Drivers: week_of_month: +0.51h | base_production_per_week: +0.33h | routing_complexity: +0.18h | Helping: is_weekend: -0.00h
F1,P176,2026-04-26,Medium,8.57,9.33,HIGH RISK,7.697,2.154,-0.433,-0.375,-0.202,-0.017,0.003,-0.01,-0.429,0.073,-0.0,0.333,-0.02,distance_km,2.154,week_of_month,0.333,day_of_week,0.073,is_weekend,-0.0,Base: 7.7h | Drivers: distance_km: +2.15h | week_of_month: +0.33h | day_of_week: +0.07h | Helping: is_weekend: -0.00h
F4,P168,2026-04-26,Medium,6.72,8.03,low risk,7.697,-0.343,-0.348,-0.329,0.327,0.009,0.137,-0.007,-0.428,0.024,-0.0,0.511,-0.021,week_of_month,0.511,base_production_per_week,0.327,routing_complexity,0.137,is_weekend,-0.0,Base: 7.7h | Drivers: week_of_month: +0.51h | base_production_per_week: +0.33h | routing_complexity: +0.14h | Helping: is_weekend: -0.00h
F3,P148,2026-04-26,Low,8.83,7.23,HIGH RISK,7.697,2.604,-0.451,-0.457,-0.065,-0.016,0.081,-0.017,-0.514,0.041,-0.0,0.463,0.09,distance_km,2.604,week_of_month,0.463,priority_encoded,0.09,is_weekend,-0.0,Base: 7.7h | Drivers: distance_km: +2.60h | week_of_month: +0.46h | priority_encoded: +0.09h | Helping: is_weekend: -0.00h
F5,P45,2026-04-26,Medium,6.74,4.17,low risk,7.697,0.332,-0.346,-0.345,-0.186,-0.019,0.047,-0.007,-0.602,0.02,-0.0,0.437,-0.012,week_of_month,0.437,distance_km,0.332,routing_complexity,0.047,is_weekend,-0.0,Base: 7.7h | Drivers: week_of_month: +0.44h | distance_km: +0.33h | routing_complexity: +0.05h | Helping: is_weekend: -0.00h
F1,P113,2026-04-26,Medium,2.05,1.92,low risk,7.697,-5.106,-0.169,-0.125,-0.204,-0.039,-0.012,-0.007,-0.34,0.013,-0.0,0.396,-0.017,week_of_month,0.396,day_of_week,0.013,is_weekend,-0.0,is_weekend,-0.0,Base: 7.7h | Drivers: week_of_month: +0.40h | day_of_week: +0.01h | Helping: is_weekend: -0.00h
F4,P49,2026-04-26,High,8.44,10.61,HIGH RISK,7.697,1.507,-0.43,-0.38,0.325,0.0,-0.098,-0.01,-0.39,0.047,0.002,0.336,-0.048,distance_km,1.507,week_of_month,0.336,base_production_per_week,0.325,supply_risk,-0.01,Base: 7.7h | Drivers: distance_km: +1.51h | week_of_month: +0.34h | base_production_per_week: +0.32h | Helping: supply_risk: -0.01h
F5,P129,2026-04-26,Medium,3.0,2.12,low risk,7.697,-4.137,-0.17,-0.14,-0.106,-0.039,-0.115,-0.007,-0.268,0.012,-0.0,0.295,-0.01,week_of_month,0.295,day_of_week,0.012,is_weekend,-0.0,is_weekend,-0.0,Base: 7.7h | Drivers: week_of_month: +0.29h | day_of_week: +0.01h | Helping: is_weekend: -0.00h
F3,P10,2026-04-26,Low,8.83,9.24,HIGH RISK,7.697,2.728,-0.464,-0.47,-0.097,-0.016,-0.082,-0.008,-0.541,0.041,-0.0,0.253,0.089,distance_km,2.728,week_of_month,0.253,priority_encoded,0.089,is_weekend,-0.0,Base: 7.7h | Drivers: distance_km: +2.73h | week_of_month: +0.25h | priority_encoded: +0.09h | Helping: is_weekend: -0.00h
F3,P35,2026-04-26,Medium,3.1,3.26,low risk,7.697,-4.074,-0.173,-0.154,-0.059,-0.028,0.163,-0.004,-0.331,0.017,-0.0,0.511,-0.019,week_of_month,0.511,routing_complexity,0.163,day_of_week,0.017,is_weekend,-0.0,Base: 7.7h | Drivers: week_of_month: +0.51h | routing_complexity: +0.16h | day_of_week: +0.02h | Helping: is_weekend: -0.00h
F3,P168,2026-04-26,Medium,4.36,2.7,low risk,7.697,-2.581,-0.206,-0.198,-0.059,-0.041,0.032,-0.004,-0.441,0.017,-0.0,0.502,-0.019,week_of_month,0.502,routing_complexity,0.032,day_of_week,0.017,is_weekend,-0.0,Base: 7.7h | Drivers: week_of_month: +0.50h | routing_complexity: +0.03h | day_of_week: +0.02h | Helping: is_weekend: -0.00h
F1,P155,2026-04-26,Low,7.41,8.78,HIGH RISK,7.697,1.025,-0.413,-0.393,-0.128,-0.02,-0.165,0.002,-0.543,0.029,-0.0,0.328,0.072,distance_km,1.025,week_of_month,0.328,priority_encoded,0.072,is_weekend,-0.0,Base: 7.7h | Drivers: distance_km: +1.02h | week_of_month: +0.33h | priority_encoded: +0.07h | Helping: is_weekend: -0.00h
F2,P154,2026-04-26,Medium,1.64,0.82,low risk,7.697,-5.666,-0.141,-0.145,-0.088,0.061,-0.141,-0.008,-0.182,0.013,-0.0,0.275,-0.008,week_of_month,0.275,production_variability,0.061,day_of_week,0.013,is_weekend,-0.0,Base: 7.7h | Drivers: week_of_month: +0.27h | production_variability: +0.06h | day_of_week: +0.01h | Helping: is_weekend: -0.00h
F1,P180,2026-04-26,High,3.82,3.72,low risk,7.697,-3.252,-0.202,-0.177,-0.036,-0.038,0.173,0.001,-0.305,0.013,0.002,0.289,-0.032,week_of_month,0.289,routing_complexity,0.173,day_of_week,0.013,priority_encoded,-0.032,Base: 7.7h | Drivers: week_of_month: +0.29h | routing_complexity: +0.17h | day_of_week: +0.01h | Helping: priority_encoded: -0.03h
F2,P151,2026-04-26,Low,4.44,3.1,low risk,7.697,-2.633,-0.202,-0.212,-0.175,0.035,-0.125,0.027,-0.361,-0.016,-0.0,0.385,0.077,week_of_month,0.385,priority_encoded,0.077,production_variability,0.035,is_weekend,-0.0,Base: 7.7h | Drivers: week_of_month: +0.39h | priority_encoded: +0.08h | production_variability: +0.04h | Helping: is_weekend: -0.00h
F4,P57,2026-04-26,Medium,7.13,7.88,low risk,7.697,0.158,-0.355,-0.336,0.329,0.006,-0.083,-0.007,-0.506,0.024,-0.0,0.502,-0.016,week_of_month,0.502,base_production_per_week,0.329,distance_km,0.158,is_weekend,-0.0,Base: 7.7h | Drivers: week_of_month: +0.50h | base_production_per_week: +0.33h | distance_km: +0.16h | Helping: is_weekend: -0.00h
F4,P93,2026-04-26,Medium,11.23,12.37,HIGH RISK,7.697,4.651,-0.375,-0.441,0.323,0.019,0.044,-0.019,-0.71,0.076,0.006,0.471,0.056,distance_km,4.651,week_of_month,0.471,base_production_per_week,0.323,supply_risk,-0.019,Base: 7.7h | Drivers: distance_km: +4.65h | week_of_month: +0.47h | base_production_per_week: +0.32h | Helping: supply_risk: -0.02h
F4,P83,2026-04-26,High,4.07,3.92,low risk,7.697,-3.586,-0.175,-0.129,0.325,-0.022,0.066,-0.007,-0.191,0.013,0.002,0.502,-0.046,week_of_month,0.502,base_production_per_week,0.325,routing_complexity,0.066,supply_risk,-0.007,Base: 7.7h | Drivers: week_of_month: +0.50h | base_production_per_week: +0.33h | routing_complexity: +0.07h | Helping: supply_risk: -0.01h
F4,P47,2026-04-26,High,7.28,7.08,HIGH RISK,7.697,0.386,-0.347,-0.343,0.326,0.0,0.036,-0.007,-0.488,-0.007,0.002,0.556,-0.06,week_of_month,0.556,distance_km,0.386,base_production_per_week,0.326,day_of_week,-0.007,Base: 7.7h | Drivers: week_of_month: +0.56h | distance_km: +0.39h | base_production_per_week: +0.33h | Helping: day_of_week: -0.01h
F1,P6,2026-04-26,Medium,9.17,12.63,HIGH RISK,7.697,3.15,-0.451,-0.475,-0.14,-0.016,-0.121,-0.019,-0.669,0.047,-0.0,0.266,-0.034,distance_km,3.15,week_of_month,0.266,day_of_week,0.047,is_weekend,-0.0,Base: 7.7h | Drivers: distance_km: +3.15h | week_of_month: +0.27h | day_of_week: +0.05h | Helping: is_weekend: -0.00h
F3,P62,2026-04-26,Low,8.83,8.16,HIGH RISK,7.697,2.536,-0.46,-0.384,-0.031,-0.017,0.043,-0.017,-0.521,0.078,-0.0,0.54,0.057,distance_km,2.536,week_of_month,0.54,day_of_week,0.078,is_weekend,-0.0,Base: 7.7h | Drivers: distance_km: +2.54h | week_of_month: +0.54h | day_of_week: +0.08h | Helping: is_weekend: -0.00h
F3,P46,2026-04-26,Low,8.83,8.0,HIGH RISK,7.697,2.683,-0.436,-0.457,-0.065,-0.016,0.166,-0.017,-0.596,0.052,-0.0,0.463,0.102,distance_km,2.683,week_of_month,0.463,routing_complexity,0.166,is_weekend,-0.0,Base: 7.7h | Drivers: distance_km: +2.68h | week_of_month: +0.46h | routing_complexity: +0.17h | Helping: is_weekend: -0.00h
F4,P71,2026-04-26,Medium,7.95,8.8,HIGH RISK,7.697,1.069,-0.419,-0.389,0.296,-0.002,-0.175,-0.007,-0.405,0.02,-0.0,0.336,-0.011,distance_km,1.069,week_of_month,0.336,base_production_per_week,0.296,is_weekend,-0.0,Base: 7.7h | Drivers: distance_km: +1.07h | week_of_month: +0.34h | base_production_per_week: +0.30h | Helping: is_weekend: -0.00h
F3,P170,2026-04-26,High,3.89,4.46,low risk,7.697,-3.123,-0.189,-0.205,-0.122,-0.039,-0.184,0.005,-0.28,0.013,0.002,0.282,-0.04,week_of_month,0.282,day_of_week,0.013,supply_risk,0.005,production_variability,-0.039,Base: 7.7h | Drivers: week_of_month: +0.28h | day_of_week: +0.01h | supply_risk: +0.00h | Helping: production_variability: -0.04h
F4,P23,2026-04-26,High,6.72,7.36,low risk,7.697,-0.285,-0.357,-0.327,0.326,0.006,0.037,-0.007,-0.429,0.024,0.002,0.502,-0.06,week_of_month,0.502,base_production_per_week,0.326,routing_complexity,0.037,supply_risk,-0.007,Base: 7.7h | Drivers: week_of_month: +0.50h | base_production_per_week: +0.33h | routing_complexity: +0.04h | Helping: supply_risk: -0.01h
F5,P97,2026-04-26,High,4.34,3.52,low risk,7.697,-2.59,-0.213,-0.205,-0.105,-0.039,-0.037,0.001,-0.384,0.012,0.002,0.295,-0.042,week_of_month,0.295,day_of_week,0.012,is_weekend,0.002,routing_complexity,-0.037,Base: 7.7h | Drivers: week_of_month: +0.29h | day_of_week: +0.01h | is_weekend: +0.00h | Helping: routing_complexity: -0.04h
F5,P59,2026-04-26,Medium,1.31,0.9,low risk,7.697,-5.993,-0.145,-0.109,-0.188,-0.03,0.073,-0.007,-0.324,0.017,-0.0,0.402,-0.02,week_of_month,0.402,routing_complexity,0.073,day_of_week,0.017,is_weekend,-0.0,Base: 7.7h | Drivers: week_of_month: +0.40h | routing_complexity: +0.07h | day_of_week: +0.02h | Helping: is_weekend: -0.00h
F3,P192,2026-04-26,Low,7.91,8.83,HIGH RISK,7.697,1.451,-0.429,-0.371,-0.031,-0.018,0.044,-0.017,-0.568,0.045,-0.0,0.54,0.083,distance_km,1.451,week_of_month,0.54,priority_encoded,0.083,is_weekend,-0.0,Base: 7.7h | Drivers: distance_km: +1.45h | week_of_month: +0.54h | priority_encoded: +0.08h | Helping: is_weekend: -0.00h
F1,P62,2026-04-26,Low,8.83,5.62,HIGH RISK,7.697,2.891,-0.463,-0.456,-0.123,0.005,-0.126,-0.01,-0.468,0.056,-0.0,0.25,0.105,distance_km,2.891,week_of_month,0.25,priority_encoded,0.105,is_weekend,-0.0,Base: 7.7h | Drivers: distance_km: +2.89h | week_of_month: +0.25h | priority_encoded: +0.10h | Helping: is_weekend: -0.00h
F3,P50,2026-04-26,Low,6.74,7.47,low risk,7.697,0.307,-0.356,-0.36,-0.095,-0.02,0.149,-0.004,-0.58,0.014,-0.0,0.33,0.056,week_of_month,0.33,distance_km,0.307,routing_complexity,0.149,is_weekend,-0.0,Base: 7.7h | Drivers: week_of_month: +0.33h | distance_km: +0.31h | routing_complexity: +0.15h | Helping: is_weekend: -0.00h
F2,P161,2026-04-26,High,7.56,10.14,HIGH RISK,7.697,1.228,-0.383,-0.386,-0.092,0.036,0.017,0.027,-0.425,0.02,0.002,0.329,-0.049,distance_km,1.228,week_of_month,0.329,production_variability,0.036,priority_encoded,-0.049,Base: 7.7h | Drivers: distance_km: +1.23h | week_of_month: +0.33h | production_variability: +0.04h | Helping: priority_encoded: -0.05h
F3,P41,2026-04-26,Low,9.17,12.53,HIGH RISK,7.697,3.097,-0.447,-0.495,-0.065,-0.015,0.019,-0.017,-0.729,0.045,-0.0,0.465,0.116,distance_km,3.097,week_of_month,0.465,priority_encoded,0.116,is_weekend,-0.0,Base: 7.7h | Drivers: distance_km: +3.10h | week_of_month: +0.47h | priority_encoded: +0.12h | Helping: is_weekend: -0.00h
F1,P18,2026-04-27,Low,11.5,13.72,HIGH RISK,7.697,0.588,0.305,0.76,-0.066,0.016,0.074,0.021,2.508,0.022,0.001,0.285,0.043,external_severity,2.508,traffic_index,0.76,distance_km,0.588,base_production_per_week,-0.066,Base: 7.7h | Drivers: external_severity: +2.51h | traffic_index: +0.76h | distance_km: +0.59h | Helping: base_production_per_week: -0.07h
F5,P66,2026-04-27,Low,5.44,7.25,low risk,7.697,-4.693,0.144,0.574,-0.111,-0.012,-0.065,0.008,1.81,-0.029,0.001,0.467,0.053,external_severity,1.81,traffic_index,0.574,week_of_month,0.467,production_variability,-0.012,Base: 7.7h | Drivers: external_severity: +1.81h | traffic_index: +0.57h | week_of_month: +0.47h | Helping: production_variability: -0.01h
F2,P183,2026-04-27,High,11.07,10.57,HIGH RISK,7.697,0.687,0.292,0.799,-0.04,-0.091,-0.14,-0.091,2.357,0.015,0.0,0.277,-0.047,external_severity,2.357,traffic_index,0.799,distance_km,0.687,base_production_per_week,-0.04,Base: 7.7h | Drivers: external_severity: +2.36h | traffic_index: +0.80h | distance_km: +0.69h | Helping: base_production_per_week: -0.04h
F4,P102,2026-04-27,High,16.28,15.42,HIGH RISK,7.697,4.664,0.53,0.937,0.179,0.025,-0.047,0.016,2.82,-0.058,0.0,0.55,-0.063,distance_km,4.664,external_severity,2.82,traffic_index,0.937,routing_complexity,-0.047,Base: 7.7h | Drivers: distance_km: +4.66h | external_severity: +2.82h | traffic_index: +0.94h | Helping: routing_complexity: -0.05h
F4,P198,2026-04-27,High,13.43,14.39,HIGH RISK,7.697,2.129,0.501,0.767,0.213,0.025,0.003,0.016,2.582,-0.029,0.0,0.627,-0.06,external_severity,2.582,distance_km,2.129,traffic_index,0.767,day_of_week,-0.029,Base: 7.7h | Drivers: external_severity: +2.58h | distance_km: +2.13h | traffic_index: +0.77h | Helping: day_of_week: -0.03h
F2,P83,2026-04-27,High,8.19,8.34,HIGH RISK,7.697,-2.16,0.197,0.692,-0.162,-0.05,0.089,-0.031,2.069,0.016,0.0,0.472,-0.052,external_severity,2.069,traffic_index,0.692,week_of_month,0.472,supply_risk,-0.031,Base: 7.7h | Drivers: external_severity: +2.07h | traffic_index: +0.69h | week_of_month: +0.47h | Helping: supply_risk: -0.03h
F2,P4,2026-04-27,High,10.06,8.83,HIGH RISK,7.697,-0.206,0.26,0.706,-0.072,-0.125,-0.059,-0.031,2.277,0.026,0.0,0.242,-0.048,external_severity,2.277,traffic_index,0.706,weather_index,0.26,supply_risk,-0.031,Base: 7.7h | Drivers: external_severity: +2.28h | traffic_index: +0.71h | weather_index: +0.26h | Helping: supply_risk: -0.03h
F1,P190,2026-04-27,Low,14.46,15.49,HIGH RISK,7.697,3.395,0.5,0.963,-0.061,0.02,-0.039,0.028,2.531,0.003,0.001,0.208,0.051,distance_km,3.395,external_severity,2.531,traffic_index,0.963,routing_complexity,-0.039,Base: 7.7h | Drivers: distance_km: +3.40h | external_severity: +2.53h | traffic_index: +0.96h | Helping: routing_complexity: -0.04h
F5,P41,2026-04-27,Low,5.51,4.49,low risk,7.697,-4.688,0.126,0.651,-0.029,-0.012,-0.018,0.021,1.796,0.037,0.001,0.246,0.04,external_severity,1.796,traffic_index,0.651,week_of_month,0.246,production_variability,-0.012,Base: 7.7h | Drivers: external_severity: +1.80h | traffic_index: +0.65h | week_of_month: +0.25h | Helping: production_variability: -0.01h
F3,P26,2026-04-27,Low,18.29,23.1,HIGH RISK,7.697,6.481,0.476,0.762,-0.062,-0.007,-0.141,0.018,3.187,-0.032,-0.001,0.192,0.182,distance_km,6.481,external_severity,3.187,traffic_index,0.762,is_weekend,-0.001,Base: 7.7h | Drivers: distance_km: +6.48h | external_severity: +3.19h | traffic_index: +0.76h | Helping: is_weekend: -0.00h
F4,P29,2026-04-27,Medium,3.78,3.81,low risk,7.697,-6.478,0.143,0.497,0.158,0.007,0.236,0.008,1.732,0.017,0.001,0.592,-0.011,external_severity,1.732,week_of_month,0.592,traffic_index,0.497,priority_encoded,-0.011,Base: 7.7h | Drivers: external_severity: +1.73h | week_of_month: +0.59h | traffic_index: +0.50h | Helping: priority_encoded: -0.01h
F2,P112,2026-04-27,Low,8.19,9.99,HIGH RISK,7.697,-2.196,0.197,0.702,-0.169,-0.076,0.219,-0.03,2.064,0.018,0.001,0.466,0.066,external_severity,2.064,traffic_index,0.702,week_of_month,0.466,supply_risk,-0.03,Base: 7.7h | Drivers: external_severity: +2.06h | traffic_index: +0.70h | week_of_month: +0.47h | Helping: supply_risk: -0.03h
F5,P7,2026-04-27,High,16.92,13.25,HIGH RISK,7.697,5.253,0.447,1.11,-0.083,0.019,0.093,0.016,3.085,0.005,0.0,0.44,-0.091,distance_km,5.253,external_severity,3.085,traffic_index,1.11,base_production_per_week,-0.083,Base: 7.7h | Drivers: distance_km: +5.25h | external_severity: +3.08h | traffic_index: +1.11h | Helping: base_production_per_week: -0.08h
F5,P90,2026-04-27,Medium,16.84,14.41,HIGH RISK,7.697,4.971,0.42,1.154,-0.003,0.019,0.02,0.028,3.04,-0.056,0.001,0.22,-0.006,distance_km,4.971,external_severity,3.04,traffic_index,1.154,base_production_per_week,-0.003,Base: 7.7h | Drivers: distance_km: +4.97h | external_severity: +3.04h | traffic_index: +1.15h | Helping: base_production_per_week: -0.00h
F3,P174,2026-04-27,Medium,2.55,0.82,low risk,7.697,-7.742,0.134,0.439,-0.028,-0.012,0.026,0.012,1.747,0.035,0.001,0.583,-0.001,external_severity,1.747,week_of_month,0.583,traffic_index,0.439,priority_encoded,-0.001,Base: 7.7h | Drivers: external_severity: +1.75h | week_of_month: +0.58h | traffic_index: +0.44h | Helping: priority_encoded: -0.00h
F4,P115,2026-04-27,Medium,6.82,7.38,low risk,7.697,-3.698,0.166,0.59,0.168,-0.006,0.054,0.008,1.955,-0.031,0.001,0.583,-0.006,external_severity,1.955,traffic_index,0.59,week_of_month,0.583,production_variability,-0.006,Base: 7.7h | Drivers: external_severity: +1.95h | traffic_index: +0.59h | week_of_month: +0.58h | Helping: production_variability: -0.01h
F4,P39,2026-04-27,Medium,10.84,10.13,HIGH RISK,7.697,-0.227,0.288,0.687,0.138,0.03,-0.114,0.021,2.433,0.026,0.001,0.249,-0.008,external_severity,2.433,traffic_index,0.687,weather_index,0.288,priority_encoded,-0.008,Base: 7.7h | Drivers: external_severity: +2.43h | traffic_index: +0.69h | weather_index: +0.29h | Helping: priority_encoded: -0.01h
F5,P155,2026-04-27,Low,11.59,12.59,HIGH RISK,7.697,0.589,0.324,0.752,-0.094,0.024,0.072,0.008,2.548,-0.032,0.001,0.467,0.065,external_severity,2.548,traffic_index,0.752,distance_km,0.589,day_of_week,-0.032,Base: 7.7h | Drivers: external_severity: +2.55h | traffic_index: +0.75h | distance_km: +0.59h | Helping: day_of_week: -0.03h
F1,P161,2026-04-27,High,18.31,18.18,HIGH RISK,7.697,7.738,0.321,0.865,-0.116,0.014,-0.161,0.028,2.718,0.283,-0.012,0.157,-0.282,distance_km,7.738,external_severity,2.718,traffic_index,0.865,is_weekend,-0.012,Base: 7.7h | Drivers: distance_km: +7.74h | external_severity: +2.72h | traffic_index: +0.87h | Helping: is_weekend: -0.01h
F3,P151,2026-04-27,Low,3.95,3.37,low risk,7.697,-6.108,0.156,0.558,-0.063,-0.012,-0.114,0.023,1.742,0.036,0.001,0.234,0.032,external_severity,1.742,traffic_index,0.558,week_of_month,0.234,production_variability,-0.012,Base: 7.7h | Drivers: external_severity: +1.74h | traffic_index: +0.56h | week_of_month: +0.23h | Helping: production_variability: -0.01h
F4,P93,2026-04-27,Medium,18.42,20.6,HIGH RISK,7.697,6.375,0.445,0.897,0.169,0.042,0.11,0.016,3.373,-0.02,-0.001,0.552,0.074,distance_km,6.375,external_severity,3.373,traffic_index,0.897,is_weekend,-0.001,Base: 7.7h | Drivers: distance_km: +6.37h | external_severity: +3.37h | traffic_index: +0.90h | Helping: is_weekend: -0.00h
F1,P166,2026-04-27,Low,18.37,18.1,HIGH RISK,7.697,7.321,0.394,0.81,-0.134,-0.006,-0.237,0.028,2.682,-0.037,-0.001,0.151,0.195,distance_km,7.321,external_severity,2.682,traffic_index,0.81,is_weekend,-0.001,Base: 7.7h | Drivers: distance_km: +7.32h | external_severity: +2.68h | traffic_index: +0.81h | Helping: is_weekend: -0.00h
F3,P88,2026-04-27,High,8.61,9.41,HIGH RISK,7.697,-2.26,0.21,0.677,-0.062,-0.011,0.005,0.016,2.202,0.034,0.0,0.249,-0.038,external_severity,2.202,traffic_index,0.677,week_of_month,0.249,production_variability,-0.011,Base: 7.7h | Drivers: external_severity: +2.20h | traffic_index: +0.68h | week_of_month: +0.25h | Helping: production_variability: -0.01h
F5,P75,2026-04-27,Low,6.77,7.84,low risk,7.697,-3.71,0.135,0.709,-0.049,-0.012,-0.079,0.021,1.987,0.037,0.001,0.246,0.04,external_severity,1.987,traffic_index,0.709,week_of_month,0.246,production_variability,-0.012,Base: 7.7h | Drivers: external_severity: +1.99h | traffic_index: +0.71h | week_of_month: +0.25h | Helping: production_variability: -0.01h
F5,P79,2026-04-27,High,4.16,3.18,low risk,7.697,-5.891,0.144,0.524,-0.102,-0.013,-0.14,0.008,1.772,0.017,0.0,0.473,-0.045,external_severity,1.772,traffic_index,0.524,week_of_month,0.473,production_variability,-0.013,Base: 7.7h | Drivers: external_severity: +1.77h | traffic_index: +0.52h | week_of_month: +0.47h | Helping: production_variability: -0.01h
F1,P99,2026-04-27,Low,18.65,15.92,HIGH RISK,7.697,7.788,0.379,0.843,-0.134,-0.006,-0.095,0.028,2.682,0.254,-0.001,0.151,0.195,distance_km,7.788,external_severity,2.682,traffic_index,0.843,is_weekend,-0.001,Base: 7.7h | Drivers: distance_km: +7.79h | external_severity: +2.68h | traffic_index: +0.84h | Helping: is_weekend: -0.00h
F5,P43,2026-04-27,Low,10.65,13.32,HIGH RISK,7.697,-0.247,0.288,0.728,-0.029,0.024,-0.147,0.008,2.465,0.034,0.001,0.246,0.052,external_severity,2.465,traffic_index,0.728,weather_index,0.288,base_production_per_week,-0.029,Base: 7.7h | Drivers: external_severity: +2.47h | traffic_index: +0.73h | weather_index: +0.29h | Helping: base_production_per_week: -0.03h
F5,P186,2026-04-27,Low,9.27,12.47,HIGH RISK,7.697,-1.67,0.195,0.78,-0.029,0.01,-0.117,0.017,2.294,0.034,0.001,0.246,0.052,external_severity,2.294,traffic_index,0.78,week_of_month,0.246,base_production_per_week,-0.029,Base: 7.7h | Drivers: external_severity: +2.29h | traffic_index: +0.78h | week_of_month: +0.25h | Helping: base_production_per_week: -0.03h
F5,P148,2026-04-27,Low,2.61,1.9,low risk,7.697,-7.613,0.125,0.573,-0.12,-0.0,0.182,0.008,1.797,0.055,0.001,0.477,0.067,external_severity,1.797,traffic_index,0.573,week_of_month,0.477,production_variability,-0.0,Base: 7.7h | Drivers: external_severity: +1.80h | traffic_index: +0.57h | week_of_month: +0.48h | Helping: production_variability: -0.00h
F1,P56,2026-04-27,High,16.07,21.94,HIGH RISK,7.697,4.652,0.503,1.009,-0.159,0.021,-0.131,0.028,2.854,-0.004,0.0,0.214,-0.069,distance_km,4.652,external_severity,2.854,traffic_index,1.009,day_of_week,-0.004,Base: 7.7h | Drivers: distance_km: +4.65h | external_severity: +2.85h | traffic_index: +1.01h | Helping: day_of_week: -0.00h
F1,P106,2026-04-27,Medium,3.48,2.39,low risk,7.697,-6.64,0.144,0.487,-0.137,-0.012,-0.008,0.008,1.771,0.017,0.001,0.477,-0.026,external_severity,1.771,traffic_index,0.487,week_of_month,0.477,routing_complexity,-0.008,Base: 7.7h | Drivers: external_severity: +1.77h | traffic_index: +0.49h | week_of_month: +0.48h | Helping: routing_complexity: -0.01h
F4,P30,2026-04-27,Medium,14.71,18.64,HIGH RISK,7.697,3.314,0.528,0.933,0.172,0.028,0.067,0.016,2.582,-0.01,0.001,0.552,-0.032,distance_km,3.314,external_severity,2.582,traffic_index,0.933,day_of_week,-0.01,Base: 7.7h | Drivers: distance_km: +3.31h | external_severity: +2.58h | traffic_index: +0.93h | Helping: day_of_week: -0.01h
F2,P43,2026-04-27,Low,3.55,2.76,low risk,7.697,-6.102,0.149,0.479,-0.078,-0.051,-0.148,-0.03,1.565,0.037,0.001,0.236,0.039,external_severity,1.565,traffic_index,0.479,week_of_month,0.236,supply_risk,-0.03,Base: 7.7h | Drivers: external_severity: +1.57h | traffic_index: +0.48h | week_of_month: +0.24h | Helping: supply_risk: -0.03h
F3,P143,2026-04-27,Low,9.52,9.61,HIGH RISK,7.697,-1.362,0.218,0.674,-0.045,0.023,0.129,0.01,2.307,0.016,0.001,0.586,0.078,external_severity,2.307,traffic_index,0.674,week_of_month,0.586,base_production_per_week,-0.045,Base: 7.7h | Drivers: external_severity: +2.31h | traffic_index: +0.67h | week_of_month: +0.59h | Helping: base_production_per_week: -0.05h
F2,P40,2026-04-27,Low,12.1,11.09,HIGH RISK,7.697,1.692,0.353,0.748,-0.143,-0.091,-0.186,-0.032,2.376,0.016,0.001,0.501,0.065,external_severity,2.376,distance_km,1.692,traffic_index,0.748,supply_risk,-0.032,Base: 7.7h | Drivers: external_severity: +2.38h | distance_km: +1.69h | traffic_index: +0.75h | Helping: supply_risk: -0.03h
F1,P81,2026-04-27,Medium,3.99,4.07,low risk,7.697,-6.065,0.166,0.485,-0.137,-0.012,0.063,0.008,1.796,0.035,0.001,0.477,-0.015,external_severity,1.796,traffic_index,0.485,week_of_month,0.477,production_variability,-0.012,Base: 7.7h | Drivers: external_severity: +1.80h | traffic_index: +0.48h | week_of_month: +0.48h | Helping: production_variability: -0.01h
F1,P40,2026-04-28,Low,4.73,3.23,low risk,7.697,-1.76,-0.324,-0.255,-0.095,-0.018,-0.004,-0.007,-1.022,-0.014,0.001,0.428,0.09,week_of_month,0.428,priority_encoded,0.09,is_weekend,0.001,routing_complexity,-0.004,Base: 7.7h | Drivers: week_of_month: +0.43h | priority_encoded: +0.09h | is_weekend: +0.00h | Helping: routing_complexity: -0.00h
F5,P134,2026-04-28,Medium,6.03,8.6,low risk,7.697,0.3,-0.343,-0.421,-0.071,0.001,-0.048,0.001,-1.3,-0.034,0.001,0.352,-0.026,week_of_month,0.352,distance_km,0.3,production_variability,0.001,priority_encoded,-0.026,Base: 7.7h | Drivers: week_of_month: +0.35h | distance_km: +0.30h | production_variability: +0.00h | Helping: priority_encoded: -0.03h
F5,P150,2026-04-28,Medium,5.92,5.17,low risk,7.697,0.14,-0.341,-0.394,-0.153,0.009,0.056,-0.007,-1.323,-0.029,0.001,0.414,-0.036,week_of_month,0.414,distance_km,0.14,routing_complexity,0.056,supply_risk,-0.007,Base: 7.7h | Drivers: week_of_month: +0.41h | distance_km: +0.14h | routing_complexity: +0.06h | Helping: supply_risk: -0.01h
F1,P130,2026-04-28,High,9.18,6.11,HIGH RISK,7.697,3.915,-0.37,-0.645,0.075,0.006,0.056,-0.01,-1.218,-0.077,0.0,0.295,-0.081,distance_km,3.915,week_of_month,0.295,base_production_per_week,0.075,supply_risk,-0.01,Base: 7.7h | Drivers: distance_km: +3.92h | week_of_month: +0.29h | base_production_per_week: +0.08h | Helping: supply_risk: -0.01h
F2,P34,2026-04-28,High,3.83,3.87,low risk,7.697,-2.509,-0.194,-0.283,-0.056,0.004,-0.109,0.027,-0.946,-0.026,0.0,0.296,-0.053,week_of_month,0.296,supply_risk,0.027,production_variability,0.004,day_of_week,-0.026,Base: 7.7h | Drivers: week_of_month: +0.30h | supply_risk: +0.03h | production_variability: +0.00h | Helping: day_of_week: -0.03h
F5,P22,2026-04-28,Medium,9.7,6.2,HIGH RISK,7.697,4.711,-0.335,-0.64,-0.069,0.019,0.063,-0.019,-1.492,-0.043,-0.001,0.274,0.035,distance_km,4.711,week_of_month,0.274,routing_complexity,0.063,is_weekend,-0.001,Base: 7.7h | Drivers: distance_km: +4.71h | week_of_month: +0.27h | routing_complexity: +0.06h | Helping: is_weekend: -0.00h
F5,P48,2026-04-28,High,9.05,8.99,HIGH RISK,7.697,3.712,-0.382,-0.678,-0.147,0.005,0.035,-0.019,-1.39,-0.043,0.0,0.372,-0.104,distance_km,3.712,week_of_month,0.372,routing_complexity,0.035,supply_risk,-0.019,Base: 7.7h | Drivers: distance_km: +3.71h | week_of_month: +0.37h | routing_complexity: +0.03h | Helping: supply_risk: -0.02h
F3,P146,2026-04-28,Medium,9.27,13.04,HIGH RISK,7.697,3.955,-0.376,-0.656,-0.024,0.003,-0.019,-0.015,-1.43,-0.038,0.001,0.473,0.0,distance_km,3.955,week_of_month,0.473,production_variability,0.003,supply_risk,-0.015,Base: 7.7h | Drivers: distance_km: +3.96h | week_of_month: +0.47h | production_variability: +0.00h | Helping: supply_risk: -0.02h
F5,P177,2026-04-28,Medium,2.33,1.9,low risk,7.697,-4.265,-0.158,-0.212,-0.073,-0.018,-0.079,0.001,-0.871,-0.026,0.001,0.307,-0.019,week_of_month,0.307,supply_risk,0.001,is_weekend,0.001,production_variability,-0.018,Base: 7.7h | Drivers: week_of_month: +0.31h | supply_risk: +0.00h | is_weekend: +0.00h | Helping: production_variability: -0.02h
F1,P57,2026-04-28,Medium,5.76,5.04,low risk,7.697,-0.339,-0.367,-0.403,-0.049,0.009,-0.165,0.001,-1.116,-0.046,0.001,0.327,-0.032,week_of_month,0.327,production_variability,0.009,supply_risk,0.001,priority_encoded,-0.032,Base: 7.7h | Drivers: week_of_month: +0.33h | production_variability: +0.01h | supply_risk: +0.00h | Helping: priority_encoded: -0.03h
F3,P142,2026-04-28,Medium,4.53,5.06,low risk,7.697,-1.717,-0.306,-0.275,-0.085,-0.019,-0.181,0.005,-1.065,-0.039,0.001,0.284,-0.015,week_of_month,0.284,supply_risk,0.005,is_weekend,0.001,priority_encoded,-0.015,Base: 7.7h | Drivers: week_of_month: +0.28h | supply_risk: +0.00h | is_weekend: +0.00h | Helping: priority_encoded: -0.02h
F2,P116,2026-04-28,Low,5.8,5.36,low risk,7.697,0.087,-0.322,-0.425,-0.082,-0.054,-0.085,-0.008,-1.226,-0.039,0.001,0.281,0.082,week_of_month,0.281,distance_km,0.087,priority_encoded,0.082,supply_risk,-0.008,Base: 7.7h | Drivers: week_of_month: +0.28h | distance_km: +0.09h | priority_encoded: +0.08h | Helping: supply_risk: -0.01h
F4,P162,2026-04-28,Low,8.32,6.77,HIGH RISK,7.697,2.78,-0.445,-0.57,0.166,-0.025,0.081,-0.019,-1.229,-0.028,0.001,0.467,0.148,distance_km,2.78,week_of_month,0.467,base_production_per_week,0.166,supply_risk,-0.019,Base: 7.7h | Drivers: distance_km: +2.78h | week_of_month: +0.47h | base_production_per_week: +0.17h | Helping: supply_risk: -0.02h
F5,P130,2026-04-28,High,4.94,3.97,low risk,7.697,-1.188,-0.302,-0.278,-0.152,0.012,0.013,-0.007,-1.163,0.007,0.0,0.414,-0.07,week_of_month,0.414,routing_complexity,0.013,production_variability,0.012,supply_risk,-0.007,Base: 7.7h | Drivers: week_of_month: +0.41h | routing_complexity: +0.01h | production_variability: +0.01h | Helping: supply_risk: -0.01h
F1,P22,2026-04-28,Medium,5.89,3.96,low risk,7.697,-0.057,-0.356,-0.385,-0.116,0.009,-0.102,-0.007,-1.242,-0.029,0.001,0.434,-0.039,week_of_month,0.434,production_variability,0.009,is_weekend,0.001,supply_risk,-0.007,Base: 7.7h | Drivers: week_of_month: +0.43h | production_variability: +0.01h | is_weekend: +0.00h | Helping: supply_risk: -0.01h
F4,P57,2026-04-28,Medium,6.04,6.9,low risk,7.697,0.12,-0.354,-0.402,0.174,0.027,-0.057,-0.007,-1.398,-0.029,0.001,0.503,-0.029,week_of_month,0.503,base_production_per_week,0.174,distance_km,0.12,supply_risk,-0.007,Base: 7.7h | Drivers: week_of_month: +0.50h | base_production_per_week: +0.17h | distance_km: +0.12h | Helping: supply_risk: -0.01h
F3,P198,2026-04-28,High,3.1,2.37,low risk,7.697,-3.465,-0.176,-0.202,-0.021,-0.018,0.064,-0.004,-0.901,-0.026,0.0,0.503,-0.053,week_of_month,0.503,routing_complexity,0.064,is_weekend,0.0,supply_risk,-0.004,Base: 7.7h | Drivers: week_of_month: +0.50h | routing_complexity: +0.06h | is_weekend: +0.00h | Helping: supply_risk: -0.00h
F1,P58,2026-04-28,Medium,8.26,10.41,HIGH RISK,7.697,2.644,-0.467,-0.573,-0.05,0.005,-0.068,-0.01,-1.176,-0.052,0.001,0.295,-0.035,distance_km,2.644,week_of_month,0.295,production_variability,0.005,supply_risk,-0.01,Base: 7.7h | Drivers: distance_km: +2.64h | week_of_month: +0.29h | production_variability: +0.00h | Helping: supply_risk: -0.01h
F5,P49,2026-04-28,High,1.73,1.63,low risk,7.697,-4.848,-0.156,-0.195,-0.151,-0.019,0.009,-0.007,-0.882,-0.015,0.0,0.404,-0.058,week_of_month,0.404,routing_complexity,0.009,is_weekend,0.0,supply_risk,-0.007,Base: 7.7h | Drivers: week_of_month: +0.40h | routing_complexity: +0.01h | is_weekend: +0.00h | Helping: supply_risk: -0.01h
F5,P23,2026-04-28,High,6.03,4.06,low risk,7.697,0.281,-0.346,-0.418,-0.068,0.009,-0.114,-0.007,-1.295,-0.034,0.0,0.307,-0.057,week_of_month,0.307,distance_km,0.281,production_variability,0.009,supply_risk,-0.007,Base: 7.7h | Drivers: week_of_month: +0.31h | distance_km: +0.28h | production_variability: +0.01h | Helping: supply_risk: -0.01h
F3,P185,2026-04-28,Low,1.19,1.76,low risk,7.697,-5.534,-0.155,-0.177,-0.024,-0.019,0.039,-0.005,-0.87,-0.024,0.001,0.497,0.075,week_of_month,0.497,priority_encoded,0.075,routing_complexity,0.039,supply_risk,-0.005,Base: 7.7h | Drivers: week_of_month: +0.50h | priority_encoded: +0.08h | routing_complexity: +0.04h | Helping: supply_risk: -0.00h
F4,P189,2026-04-28,High,6.18,5.38,low risk,7.697,0.363,-0.346,-0.406,0.172,0.019,0.033,-0.007,-1.397,-0.029,0.0,0.548,-0.073,week_of_month,0.548,distance_km,0.363,base_production_per_week,0.172,supply_risk,-0.007,Base: 7.7h | Drivers: week_of_month: +0.55h | distance_km: +0.36h | base_production_per_week: +0.17h | Helping: supply_risk: -0.01h
F5,P188,2026-04-28,High,1.07,1.12,low risk,7.697,-5.572,-0.149,-0.171,-0.074,-0.019,-0.021,-0.007,-0.853,-0.026,0.0,0.346,-0.052,week_of_month,0.346,is_weekend,0.0,supply_risk,-0.007,supply_risk,-0.007,Base: 7.7h | Drivers: week_of_month: +0.35h | is_weekend: +0.00h | Helping: supply_risk: -0.01h
F3,P73,2026-04-28,High,3.1,2.63,low risk,7.697,-3.413,-0.153,-0.213,-0.086,-0.018,-0.096,0.005,-0.836,-0.026,0.0,0.284,-0.049,week_of_month,0.284,supply_risk,0.005,is_weekend,0.0,production_variability,-0.018,Base: 7.7h | Drivers: week_of_month: +0.28h | supply_risk: +0.00h | is_weekend: +0.00h | Helping: production_variability: -0.02h
F2,P80,2026-04-28,Medium,4.09,3.97,low risk,7.697,-2.2,-0.228,-0.283,-0.136,-0.021,0.094,0.027,-0.999,-0.021,0.001,0.404,-0.028,week_of_month,0.404,routing_complexity,0.094,supply_risk,0.027,day_of_week,-0.021,Base: 7.7h | Drivers: week_of_month: +0.40h | routing_complexity: +0.09h | supply_risk: +0.03h | Helping: day_of_week: -0.02h
F5,P191,2026-04-28,Low,8.18,6.22,HIGH RISK,7.697,2.631,-0.444,-0.582,-0.069,0.006,-0.114,-0.019,-1.188,-0.033,0.001,0.268,0.121,distance_km,2.631,week_of_month,0.268,priority_encoded,0.121,supply_risk,-0.019,Base: 7.7h | Drivers: distance_km: +2.63h | week_of_month: +0.27h | priority_encoded: +0.12h | Helping: supply_risk: -0.02h
F5,P17,2026-04-28,High,7.86,7.56,HIGH RISK,7.697,2.023,-0.435,-0.501,-0.125,0.004,-0.015,-0.01,-1.102,-0.059,0.0,0.351,-0.057,distance_km,2.023,week_of_month,0.351,production_variability,0.004,supply_risk,-0.01,Base: 7.7h | Drivers: distance_km: +2.02h | week_of_month: +0.35h | production_variability: +0.00h | Helping: supply_risk: -0.01h
F2,P25,2026-04-28,Low,4.12,3.9,low risk,7.697,-2.268,-0.236,-0.276,-0.14,0.004,-0.074,0.027,-0.962,-0.019,0.001,0.388,0.088,week_of_month,0.388,priority_encoded,0.088,supply_risk,0.027,day_of_week,-0.019,Base: 7.7h | Drivers: week_of_month: +0.39h | priority_encoded: +0.09h | supply_risk: +0.03h | Helping: day_of_week: -0.02h
F4,P66,2026-04-28,Low,8.66,8.63,HIGH RISK,7.697,3.142,-0.455,-0.616,0.134,0.022,-0.085,-0.01,-1.385,-0.033,0.001,0.254,0.121,distance_km,3.142,week_of_month,0.254,base_production_per_week,0.134,supply_risk,-0.01,Base: 7.7h | Drivers: distance_km: +3.14h | week_of_month: +0.25h | base_production_per_week: +0.13h | Helping: supply_risk: -0.01h
F3,P27,2026-04-28,Low,5.68,3.96,low risk,7.697,-0.327,-0.338,-0.399,-0.024,0.009,0.177,-0.005,-1.15,-0.016,0.001,0.497,0.1,week_of_month,0.497,routing_complexity,0.177,priority_encoded,0.1,supply_risk,-0.005,Base: 7.7h | Drivers: week_of_month: +0.50h | routing_complexity: +0.18h | priority_encoded: +0.10h | Helping: supply_risk: -0.00h
F5,P198,2026-04-28,High,6.7,8.2,low risk,7.697,1.061,-0.415,-0.451,-0.15,0.001,0.03,-0.007,-1.274,-0.024,0.0,0.449,-0.059,distance_km,1.061,week_of_month,0.449,routing_complexity,0.03,supply_risk,-0.007,Base: 7.7h | Drivers: distance_km: +1.06h | week_of_month: +0.45h | routing_complexity: +0.03h | Helping: supply_risk: -0.01h
F4,P57,2026-04-28,Medium,6.04,6.68,low risk,7.697,0.12,-0.354,-0.402,0.174,0.027,-0.057,-0.007,-1.398,-0.029,0.001,0.503,-0.029,week_of_month,0.503,base_production_per_week,0.174,distance_km,0.12,supply_risk,-0.007,Base: 7.7h | Drivers: week_of_month: +0.50h | base_production_per_week: +0.17h | distance_km: +0.12h | Helping: supply_risk: -0.01h
F5,P190,2026-04-28,Low,4.69,3.76,low risk,7.697,-1.638,-0.302,-0.264,-0.158,-0.006,0.144,-0.007,-1.075,-0.02,0.001,0.408,0.102,week_of_month,0.408,routing_complexity,0.144,priority_encoded,0.102,production_variability,-0.006,Base: 7.7h | Drivers: week_of_month: +0.41h | routing_complexity: +0.14h | priority_encoded: +0.10h | Helping: production_variability: -0.01h
F4,P114,2026-04-28,Medium,8.26,8.85,HIGH RISK,7.697,2.451,-0.455,-0.571,0.171,0.023,-0.035,-0.019,-1.256,-0.036,0.001,0.47,-0.048,distance_km,2.451,week_of_month,0.47,base_production_per_week,0.171,supply_risk,-0.019,Base: 7.7h | Drivers: distance_km: +2.45h | week_of_month: +0.47h | base_production_per_week: +0.17h | Helping: supply_risk: -0.02h
F5,P34,2026-04-28,High,5.89,4.85,low risk,7.697,0.12,-0.334,-0.41,-0.07,0.009,-0.067,0.001,-1.288,-0.034,0.0,0.307,-0.057,week_of_month,0.307,distance_km,0.12,production_variability,0.009,day_of_week,-0.034,Base: 7.7h | Drivers: week_of_month: +0.31h | distance_km: +0.12h | production_variability: +0.01h | Helping: day_of_week: -0.03h
F1,P114,2026-04-28,Medium,4.7,5.64,low risk,7.697,-1.7,-0.314,-0.255,-0.111,-0.007,0.015,-0.007,-1.069,0.015,0.001,0.444,-0.036,week_of_month,0.444,day_of_week,0.015,routing_complexity,0.015,production_variability,-0.007,Base: 7.7h | Drivers: week_of_month: +0.44h | day_of_week: +0.02h | routing_complexity: +0.01h | Helping: production_variability: -0.01h
F3,P170,2026-04-28,High,3.51,2.92,low risk,7.697,-2.983,-0.189,-0.245,-0.086,-0.018,-0.153,0.005,-0.846,-0.026,0.0,0.284,-0.049,week_of_month,0.284,supply_risk,0.005,is_weekend,0.0,production_variability,-0.018,Base: 7.7h | Drivers: week_of_month: +0.28h | supply_risk: +0.00h | is_weekend: +0.00h | Helping: production_variability: -0.02h
F2,P187,2026-04-28,Medium,3.63,2.32,low risk,7.697,-2.796,-0.17,-0.28,-0.086,0.004,-0.038,-0.008,-0.808,-0.026,0.001,0.287,-0.015,week_of_month,0.287,production_variability,0.004,is_weekend,0.001,supply_risk,-0.008,Base: 7.7h | Drivers: week_of_month: +0.29h | production_variability: +0.00h | is_weekend: +0.00h | Helping: supply_risk: -0.01h
F2,P189,2026-04-28,High,4.53,5.92,low risk,7.697,-1.602,-0.289,-0.28,-0.088,-0.012,-0.063,-0.008,-1.03,-0.039,0.0,0.287,-0.05,week_of_month,0.287,is_weekend,0.0,supply_risk,-0.008,supply_risk,-0.008,Base: 7.7h | Drivers: week_of_month: +0.29h | is_weekend: +0.00h | Helping: supply_risk: -0.01h
F5,P89,2026-04-28,High,1.13,1.52,low risk,7.697,-5.478,-0.138,-0.188,-0.071,-0.019,-0.077,0.001,-0.869,-0.026,0.0,0.307,-0.051,week_of_month,0.307,supply_risk,0.001,is_weekend,0.0,production_variability,-0.019,Base: 7.7h | Drivers: week_of_month: +0.31h | supply_risk: +0.00h | is_weekend: +0.00h | Helping: production_variability: -0.02h
F1,P200,2026-04-28,Low,5.04,3.9,low risk,7.697,-1.279,-0.301,-0.283,-0.018,0.004,-0.046,-0.007,-1.035,-0.027,0.001,0.331,0.103,week_of_month,0.331,priority_encoded,0.103,production_variability,0.004,supply_risk,-0.007,Base: 7.7h | Drivers: week_of_month: +0.33h | priority_encoded: +0.10h | production_variability: +0.00h | Helping: supply_risk: -0.01h
F4,P105,2026-04-28,Low,6.95,5.81,low risk,7.697,1.096,-0.407,-0.483,0.169,0.018,-0.146,-0.007,-1.326,-0.022,0.001,0.542,0.101,distance_km,1.096,week_of_month,0.542,base_production_per_week,0.169,supply_risk,-0.007,Base: 7.7h | Drivers: distance_km: +1.10h | week_of_month: +0.54h | base_production_per_week: +0.17h | Helping: supply_risk: -0.01h
F1,P151,2026-04-28,Low,8.32,11.42,HIGH RISK,7.697,2.559,-0.455,-0.568,-0.031,0.005,0.209,-0.018,-1.075,-0.033,0.001,0.298,0.135,distance_km,2.559,week_of_month,0.298,routing_complexity,0.209,supply_risk,-0.018,Base: 7.7h | Drivers: distance_km: +2.56h | week_of_month: +0.30h | routing_complexity: +0.21h | Helping: supply_risk: -0.02h
F1,P4,2026-04-29,High,11.3,6.6,HIGH RISK,7.697,4.711,-0.563,0.479,-0.193,-0.019,-0.048,-0.005,-0.859,-0.08,-0.011,0.256,-0.181,distance_km,4.711,traffic_index,0.479,week_of_month,0.256,supply_risk,-0.005,Base: 7.7h | Drivers: distance_km: +4.71h | traffic_index: +0.48h | week_of_month: +0.26h | Helping: supply_risk: -0.01h
F5,P78,2026-04-29,Low,11.2,8.86,HIGH RISK,7.697,4.285,-0.671,0.597,-0.088,-0.012,0.043,-0.013,-0.754,-0.038,0.002,0.256,0.101,distance_km,4.285,traffic_index,0.597,week_of_month,0.256,production_variability,-0.012,Base: 7.7h | Drivers: distance_km: +4.28h | traffic_index: +0.60h | week_of_month: +0.26h | Helping: production_variability: -0.01h
F5,P76,2026-04-29,High,11.06,14.19,HIGH RISK,7.697,3.816,-0.571,0.678,-0.079,-0.013,0.072,-0.005,-0.761,-0.005,0.001,0.262,-0.085,distance_km,3.816,traffic_index,0.678,week_of_month,0.262,day_of_week,-0.005,Base: 7.7h | Drivers: distance_km: +3.82h | traffic_index: +0.68h | week_of_month: +0.26h | Helping: day_of_week: -0.00h
F4,P116,2026-04-29,Low,8.92,8.28,HIGH RISK,7.697,1.294,-0.517,0.538,0.342,-0.011,-0.091,-0.018,-0.486,-0.026,0.002,0.54,0.064,distance_km,1.294,week_of_month,0.54,traffic_index,0.538,production_variability,-0.011,Base: 7.7h | Drivers: distance_km: +1.29h | week_of_month: +0.54h | traffic_index: +0.54h | Helping: production_variability: -0.01h
F2,P162,2026-04-29,Low,5.49,5.25,low risk,7.697,-1.837,-0.358,0.506,-0.106,0.062,-0.07,0.024,-0.444,-0.04,0.002,0.269,0.032,traffic_index,0.506,week_of_month,0.269,production_variability,0.062,day_of_week,-0.04,Base: 7.7h | Drivers: traffic_index: +0.51h | week_of_month: +0.27h | production_variability: +0.06h | Helping: day_of_week: -0.04h
F4,P10,2026-04-29,Low,10.88,11.93,HIGH RISK,7.697,3.408,-0.651,0.573,0.306,-0.007,-0.015,-0.005,-0.576,-0.036,0.002,0.253,0.084,distance_km,3.408,traffic_index,0.573,base_production_per_week,0.306,supply_risk,-0.005,Base: 7.7h | Drivers: distance_km: +3.41h | traffic_index: +0.57h | base_production_per_week: +0.31h | Helping: supply_risk: -0.00h
F4,P30,2026-04-29,Medium,10.25,7.81,HIGH RISK,7.697,2.565,-0.706,0.582,0.337,-0.004,-0.009,-0.017,-0.419,-0.04,0.002,0.471,-0.033,distance_km,2.565,traffic_index,0.582,week_of_month,0.471,production_variability,-0.004,Base: 7.7h | Drivers: distance_km: +2.57h | traffic_index: +0.58h | week_of_month: +0.47h | Helping: production_variability: -0.00h
F2,P22,2026-04-29,Medium,5.54,5.33,low risk,7.697,-1.846,-0.37,0.525,-0.077,0.062,0.012,0.023,-0.434,-0.03,0.002,0.222,-0.003,traffic_index,0.525,week_of_month,0.222,production_variability,0.062,priority_encoded,-0.003,Base: 7.7h | Drivers: traffic_index: +0.53h | week_of_month: +0.22h | production_variability: +0.06h | Helping: priority_encoded: -0.00h
F2,P41,2026-04-29,Low,6.88,4.25,low risk,7.697,-0.311,-0.427,0.535,-0.176,-0.0,-0.044,0.084,-0.528,-0.057,0.002,0.385,0.076,traffic_index,0.535,week_of_month,0.385,supply_risk,0.084,production_variability,-0.0,Base: 7.7h | Drivers: traffic_index: +0.53h | week_of_month: +0.39h | supply_risk: +0.08h | Helping: production_variability: -0.00h
F3,P55,2026-04-29,High,11.51,15.26,HIGH RISK,7.697,4.972,-0.611,0.45,-0.07,-0.021,-0.076,-0.014,-0.816,-0.049,-0.011,0.469,-0.254,distance_km,4.972,week_of_month,0.469,traffic_index,0.45,is_weekend,-0.011,Base: 7.7h | Drivers: distance_km: +4.97h | week_of_month: +0.47h | traffic_index: +0.45h | Helping: is_weekend: -0.01h
F4,P73,2026-04-29,High,12.51,9.9,HIGH RISK,7.697,6.656,-0.404,0.521,0.342,-0.003,-0.213,-0.017,-0.569,-0.078,-0.011,0.412,-0.296,distance_km,6.656,traffic_index,0.521,week_of_month,0.412,production_variability,-0.003,Base: 7.7h | Drivers: distance_km: +6.66h | traffic_index: +0.52h | week_of_month: +0.41h | Helping: production_variability: -0.00h
F2,P191,2026-04-29,Low,4.72,2.84,low risk,7.697,-2.859,-0.246,0.506,-0.106,0.062,-0.044,0.024,-0.266,-0.028,0.002,0.269,0.032,traffic_index,0.506,week_of_month,0.269,production_variability,0.062,day_of_week,-0.028,Base: 7.7h | Drivers: traffic_index: +0.51h | week_of_month: +0.27h | production_variability: +0.06h | Helping: day_of_week: -0.03h
F3,P112,2026-04-29,Low,2.64,2.67,low risk,7.697,-4.913,-0.237,0.277,-0.089,-0.037,-0.133,-0.004,-0.345,-0.027,0.002,0.276,0.037,traffic_index,0.277,week_of_month,0.276,priority_encoded,0.037,supply_risk,-0.004,Base: 7.7h | Drivers: traffic_index: +0.28h | week_of_month: +0.28h | priority_encoded: +0.04h | Helping: supply_risk: -0.00h
F3,P39,2026-04-29,Medium,9.72,9.62,HIGH RISK,7.697,2.869,-0.644,0.524,-0.037,-0.014,-0.01,-0.014,-0.561,-0.033,0.002,0.469,-0.029,distance_km,2.869,traffic_index,0.524,week_of_month,0.469,routing_complexity,-0.01,Base: 7.7h | Drivers: distance_km: +2.87h | traffic_index: +0.52h | week_of_month: +0.47h | Helping: routing_complexity: -0.01h
F2,P114,2026-04-29,Medium,7.2,8.29,low risk,7.697,0.149,-0.398,0.565,-0.106,0.004,-0.062,0.023,-0.533,-0.049,0.002,0.275,-0.007,traffic_index,0.565,week_of_month,0.275,distance_km,0.149,priority_encoded,-0.007,Base: 7.7h | Drivers: traffic_index: +0.56h | week_of_month: +0.27h | distance_km: +0.15h | Helping: priority_encoded: -0.01h
F5,P185,2026-04-29,Low,11.7,9.96,HIGH RISK,7.697,4.974,-0.724,0.541,-0.193,0.002,-0.154,-0.017,-0.854,-0.034,-0.0,0.353,0.166,distance_km,4.974,traffic_index,0.541,week_of_month,0.353,is_weekend,-0.0,Base: 7.7h | Drivers: distance_km: +4.97h | traffic_index: +0.54h | week_of_month: +0.35h | Helping: is_weekend: -0.00h
F2,P3,2026-04-29,Medium,10.18,10.04,HIGH RISK,7.697,3.272,-0.706,0.574,-0.148,0.028,0.003,0.081,-0.594,-0.044,0.002,0.329,-0.023,distance_km,3.272,traffic_index,0.574,week_of_month,0.329,priority_encoded,-0.023,Base: 7.7h | Drivers: distance_km: +3.27h | traffic_index: +0.57h | week_of_month: +0.33h | Helping: priority_encoded: -0.02h
F4,P195,2026-04-29,Medium,9.28,6.39,HIGH RISK,7.697,1.569,-0.543,0.574,0.347,-0.008,-0.042,-0.005,-0.426,-0.062,0.002,0.336,-0.009,distance_km,1.569,traffic_index,0.574,base_production_per_week,0.347,supply_risk,-0.005,Base: 7.7h | Drivers: distance_km: +1.57h | traffic_index: +0.57h | base_production_per_week: +0.35h | Helping: supply_risk: -0.01h
F2,P127,2026-04-29,Medium,4.8,4.54,low risk,7.697,-2.805,-0.273,0.549,-0.169,0.037,0.163,0.084,-0.287,-0.025,0.002,0.391,-0.013,traffic_index,0.549,week_of_month,0.391,routing_complexity,0.163,priority_encoded,-0.013,Base: 7.7h | Drivers: traffic_index: +0.55h | week_of_month: +0.39h | routing_complexity: +0.16h | Helping: priority_encoded: -0.01h
F3,P20,2026-04-29,Low,7.55,6.34,HIGH RISK,7.697,0.413,-0.42,0.505,-0.052,-0.008,0.146,-0.016,-0.668,-0.026,0.002,0.505,0.076,traffic_index,0.505,week_of_month,0.505,distance_km,0.413,production_variability,-0.008,Base: 7.7h | Drivers: traffic_index: +0.51h | week_of_month: +0.51h | distance_km: +0.41h | Helping: production_variability: -0.01h
F4,P131,2026-04-29,High,5.25,5.07,low risk,7.697,-2.779,-0.266,0.468,0.3,-0.031,-0.11,-0.006,-0.277,-0.029,0.001,0.291,-0.036,traffic_index,0.468,base_production_per_week,0.3,week_of_month,0.291,supply_risk,-0.006,Base: 7.7h | Drivers: traffic_index: +0.47h | base_production_per_week: +0.30h | week_of_month: +0.29h | Helping: supply_risk: -0.01h
F2,P71,2026-04-29,Medium,4.77,3.18,low risk,7.697,-2.893,-0.26,0.488,-0.082,0.062,0.013,0.084,-0.244,-0.029,0.002,0.284,-0.002,traffic_index,0.488,week_of_month,0.284,supply_risk,0.084,priority_encoded,-0.002,Base: 7.7h | Drivers: traffic_index: +0.49h | week_of_month: +0.28h | supply_risk: +0.08h | Helping: priority_encoded: -0.00h
F4,P198,2026-04-29,High,9.28,8.03,HIGH RISK,7.697,1.601,-0.543,0.518,0.378,-0.008,-0.013,-0.017,-0.456,-0.058,0.001,0.546,-0.056,distance_km,1.601,week_of_month,0.546,traffic_index,0.518,production_variability,-0.008,Base: 7.7h | Drivers: distance_km: +1.60h | week_of_month: +0.55h | traffic_index: +0.52h | Helping: production_variability: -0.01h
F2,P75,2026-04-29,Low,6.01,5.25,low risk,7.697,-1.339,-0.385,0.558,-0.176,-0.004,0.137,0.084,-0.445,-0.026,0.002,0.385,0.077,traffic_index,0.558,week_of_month,0.385,routing_complexity,0.137,production_variability,-0.004,Base: 7.7h | Drivers: traffic_index: +0.56h | week_of_month: +0.39h | routing_complexity: +0.14h | Helping: production_variability: -0.00h
F5,P19,2026-04-29,Medium,12.27,14.23,HIGH RISK,7.697,4.718,-0.756,0.399,-0.186,0.001,-0.01,-0.017,-0.694,-0.09,-0.0,0.303,0.045,distance_km,4.718,traffic_index,0.399,week_of_month,0.303,is_weekend,-0.0,Base: 7.7h | Drivers: distance_km: +4.72h | traffic_index: +0.40h | week_of_month: +0.30h | Helping: is_weekend: -0.00h
F4,P114,2026-04-29,Medium,10.25,9.76,HIGH RISK,7.697,2.696,-0.649,0.549,0.347,-0.006,-0.081,-0.017,-0.419,-0.04,0.002,0.469,-0.033,distance_km,2.696,traffic_index,0.549,week_of_month,0.469,production_variability,-0.006,Base: 7.7h | Drivers: distance_km: +2.70h | traffic_index: +0.55h | week_of_month: +0.47h | Helping: production_variability: -0.01h
F5,P96,2026-04-29,High,10.93,6.58,HIGH RISK,7.697,4.096,-0.694,0.641,-0.17,-0.012,-0.045,-0.017,-0.737,-0.042,0.001,0.362,-0.097,distance_km,4.096,traffic_index,0.641,week_of_month,0.362,production_variability,-0.012,Base: 7.7h | Drivers: distance_km: +4.10h | traffic_index: +0.64h | week_of_month: +0.36h | Helping: production_variability: -0.01h
F3,P158,2026-04-29,Low,10.34,8.01,HIGH RISK,7.697,3.424,-0.697,0.577,-0.045,-0.014,-0.047,-0.015,-0.774,-0.033,0.002,0.463,0.109,distance_km,3.424,traffic_index,0.577,week_of_month,0.463,production_variability,-0.014,Base: 7.7h | Drivers: distance_km: +3.42h | traffic_index: +0.58h | week_of_month: +0.46h | Helping: production_variability: -0.01h
F2,P88,2026-04-29,High,5.94,4.65,low risk,7.697,-1.337,-0.353,0.578,-0.108,0.015,-0.06,0.023,-0.415,-0.049,0.001,0.275,-0.04,traffic_index,0.578,week_of_month,0.275,supply_risk,0.023,priority_encoded,-0.04,Base: 7.7h | Drivers: traffic_index: +0.58h | week_of_month: +0.27h | supply_risk: +0.02h | Helping: priority_encoded: -0.04h
F3,P131,2026-04-29,High,10.93,7.57,HIGH RISK,7.697,4.126,-0.63,0.6,-0.039,-0.014,-0.087,-0.014,-0.819,-0.042,0.001,0.469,-0.098,distance_km,4.126,traffic_index,0.6,week_of_month,0.469,production_variability,-0.014,Base: 7.7h | Drivers: distance_km: +4.13h | traffic_index: +0.60h | week_of_month: +0.47h | Helping: production_variability: -0.01h
F1,P123,2026-04-29,Medium,9.17,7.17,HIGH RISK,7.697,2.116,-0.514,0.453,-0.162,-0.014,0.385,-0.005,-0.522,-0.082,0.002,0.333,-0.008,distance_km,2.116,traffic_index,0.453,routing_complexity,0.385,supply_risk,-0.005,Base: 7.7h | Drivers: distance_km: +2.12h | traffic_index: +0.45h | routing_complexity: +0.38h | Helping: supply_risk: -0.01h
F4,P41,2026-04-29,Low,5.05,3.65,low risk,7.697,-3.136,-0.271,0.446,0.295,-0.031,-0.12,-0.006,-0.176,-0.027,0.002,0.285,0.038,traffic_index,0.446,base_production_per_week,0.295,week_of_month,0.285,supply_risk,-0.006,Base: 7.7h | Drivers: traffic_index: +0.45h | base_production_per_week: +0.29h | week_of_month: +0.29h | Helping: supply_risk: -0.01h
F4,P196,2026-04-29,High,12.05,7.9,HIGH RISK,7.697,4.542,-0.673,0.45,0.32,-0.001,-0.005,-0.017,-0.662,-0.086,-0.011,0.414,-0.277,distance_km,4.542,traffic_index,0.45,week_of_month,0.414,production_variability,-0.001,Base: 7.7h | Drivers: distance_km: +4.54h | traffic_index: +0.45h | week_of_month: +0.41h | Helping: production_variability: -0.00h
F1,P38,2026-04-30,Low,7.23,6.52,low risk,7.697,0.193,0.279,-0.401,-0.193,-0.011,0.093,-0.007,-0.574,0.01,0.001,0.39,0.086,week_of_month,0.39,weather_index,0.279,distance_km,0.193,supply_risk,-0.007,Base: 7.7h | Drivers: week_of_month: +0.39h | weather_index: +0.28h | distance_km: +0.19h | Helping: supply_risk: -0.01h
F5,P88,2026-04-30,High,10.3,12.96,HIGH RISK,7.697,3.849,0.312,-0.727,-0.104,-0.016,-0.098,-0.01,-0.583,-0.001,0.0,0.262,-0.091,distance_km,3.849,weather_index,0.312,week_of_month,0.262,day_of_week,-0.001,Base: 7.7h | Drivers: distance_km: +3.85h | weather_index: +0.31h | week_of_month: +0.26h | Helping: day_of_week: -0.00h
F2,P181,2026-04-30,Medium,4.34,5.74,low risk,7.697,-3.076,0.166,-0.284,-0.177,0.06,0.086,0.027,-0.213,0.0,0.001,0.382,-0.007,week_of_month,0.382,weather_index,0.166,routing_complexity,0.086,priority_encoded,-0.007,Base: 7.7h | Drivers: week_of_month: +0.38h | weather_index: +0.17h | routing_complexity: +0.09h | Helping: priority_encoded: -0.01h
F4,P21,2026-04-30,Low,7.77,7.57,HIGH RISK,7.697,0.211,0.369,-0.396,0.331,0.005,-0.008,-0.007,-0.44,0.002,0.001,0.496,0.071,week_of_month,0.496,weather_index,0.369,base_production_per_week,0.331,supply_risk,-0.007,Base: 7.7h | Drivers: week_of_month: +0.50h | weather_index: +0.37h | base_production_per_week: +0.33h | Helping: supply_risk: -0.01h
F2,P160,2026-04-30,High,8.29,11.66,HIGH RISK,7.697,1.391,0.269,-0.534,-0.093,0.035,-0.197,-0.008,-0.312,0.006,0.0,0.32,-0.049,distance_km,1.391,week_of_month,0.32,weather_index,0.269,supply_risk,-0.008,Base: 7.7h | Drivers: distance_km: +1.39h | week_of_month: +0.32h | weather_index: +0.27h | Helping: supply_risk: -0.01h
F3,P195,2026-04-30,Medium,12.62,15.04,HIGH RISK,7.697,6.875,0.384,-0.539,-0.08,-0.042,0.207,-0.015,-0.58,-0.007,-0.001,0.412,0.09,distance_km,6.875,week_of_month,0.412,weather_index,0.384,is_weekend,-0.001,Base: 7.7h | Drivers: distance_km: +6.88h | week_of_month: +0.41h | weather_index: +0.38h | Helping: is_weekend: -0.00h
F2,P146,2026-04-30,Medium,7.43,7.34,HIGH RISK,7.697,0.465,0.342,-0.428,-0.174,0.032,0.137,0.027,-0.424,0.008,0.001,0.436,-0.021,distance_km,0.465,week_of_month,0.436,weather_index,0.342,priority_encoded,-0.021,Base: 7.7h | Drivers: distance_km: +0.47h | week_of_month: +0.44h | weather_index: +0.34h | Helping: priority_encoded: -0.02h
F3,P38,2026-04-30,Low,2.06,2.13,low risk,7.697,-5.368,0.05,-0.229,-0.102,-0.039,-0.273,0.004,-0.272,-0.002,0.001,0.276,0.045,week_of_month,0.276,weather_index,0.05,priority_encoded,0.045,day_of_week,-0.002,Base: 7.7h | Drivers: week_of_month: +0.28h | weather_index: +0.05h | priority_encoded: +0.05h | Helping: day_of_week: -0.00h
F2,P160,2026-04-30,High,8.29,11.46,HIGH RISK,7.697,1.391,0.269,-0.534,-0.093,0.035,-0.197,-0.008,-0.312,0.006,0.0,0.32,-0.049,distance_km,1.391,week_of_month,0.32,weather_index,0.269,supply_risk,-0.008,Base: 7.7h | Drivers: distance_km: +1.39h | week_of_month: +0.32h | weather_index: +0.27h | Helping: supply_risk: -0.01h
F3,P82,2026-04-30,Medium,3.54,4.51,low risk,7.697,-3.894,0.18,-0.219,-0.091,-0.039,-0.07,-0.004,-0.239,0.0,0.001,0.33,-0.007,week_of_month,0.33,weather_index,0.18,is_weekend,0.001,supply_risk,-0.004,Base: 7.7h | Drivers: week_of_month: +0.33h | weather_index: +0.18h | is_weekend: +0.00h | Helping: supply_risk: -0.00h
F1,P62,2026-04-30,Low,9.7,7.36,HIGH RISK,7.697,3.123,0.351,-0.638,-0.127,0.005,-0.22,-0.01,-0.405,-0.019,0.001,0.25,0.106,distance_km,3.123,weather_index,0.351,week_of_month,0.25,supply_risk,-0.01,Base: 7.7h | Drivers: distance_km: +3.12h | weather_index: +0.35h | week_of_month: +0.25h | Helping: supply_risk: -0.01h
F2,P101,2026-04-30,Low,5.56,5.16,low risk,7.697,-1.799,0.225,-0.292,-0.101,0.06,-0.057,-0.008,-0.314,-0.001,0.001,0.278,0.052,week_of_month,0.278,weather_index,0.225,production_variability,0.06,day_of_week,-0.001,Base: 7.7h | Drivers: week_of_month: +0.28h | weather_index: +0.23h | production_variability: +0.06h | Helping: day_of_week: -0.00h
F1,P42,2026-04-30,Low,2.56,3.32,low risk,7.697,-4.864,0.177,-0.207,-0.179,-0.039,0.057,-0.007,-0.308,0.001,0.001,0.39,0.094,week_of_month,0.39,weather_index,0.177,priority_encoded,0.094,supply_risk,-0.007,Base: 7.7h | Drivers: week_of_month: +0.39h | weather_index: +0.18h | priority_encoded: +0.09h | Helping: supply_risk: -0.01h
F1,P100,2026-04-30,Low,10.04,14.96,HIGH RISK,7.697,3.391,0.279,-0.713,-0.089,-0.015,-0.267,-0.01,-0.6,-0.019,0.001,0.25,0.046,distance_km,3.391,weather_index,0.279,week_of_month,0.25,supply_risk,-0.01,Base: 7.7h | Drivers: distance_km: +3.39h | weather_index: +0.28h | week_of_month: +0.25h | Helping: supply_risk: -0.01h
F1,P71,2026-04-30,Medium,9.7,9.01,HIGH RISK,7.697,3.067,0.363,-0.559,-0.074,0.005,0.322,-0.01,-0.419,-0.012,0.001,0.256,-0.007,distance_km,3.067,weather_index,0.363,routing_complexity,0.322,priority_encoded,-0.007,Base: 7.7h | Drivers: distance_km: +3.07h | weather_index: +0.36h | routing_complexity: +0.32h | Helping: priority_encoded: -0.01h
F3,P96,2026-04-30,High,4.44,4.07,low risk,7.697,-2.734,0.052,-0.285,-0.107,-0.038,-0.256,0.005,-0.331,-0.0,0.0,0.282,-0.042,week_of_month,0.282,weather_index,0.052,supply_risk,0.005,day_of_week,-0.0,Base: 7.7h | Drivers: week_of_month: +0.28h | weather_index: +0.05h | supply_risk: +0.00h | Helping: day_of_week: -0.00h
F2,P121,2026-04-30,Medium,6.84,9.81,low risk,7.697,-0.297,0.211,-0.433,-0.092,0.002,-0.168,-0.008,-0.318,0.006,0.001,0.284,-0.01,week_of_month,0.284,weather_index,0.211,day_of_week,0.006,supply_risk,-0.008,Base: 7.7h | Drivers: week_of_month: +0.28h | weather_index: +0.21h | day_of_week: +0.01h | Helping: supply_risk: -0.01h
F3,P86,2026-04-30,Low,6.84,8.36,low risk,7.697,-0.285,0.308,-0.425,-0.092,-0.011,-0.277,-0.004,-0.441,-0.001,0.001,0.285,0.057,weather_index,0.308,week_of_month,0.285,priority_encoded,0.057,day_of_week,-0.001,Base: 7.7h | Drivers: weather_index: +0.31h | week_of_month: +0.29h | priority_encoded: +0.06h | Helping: day_of_week: -0.00h
F5,P63,2026-04-30,Medium,9.7,8.1,HIGH RISK,7.697,2.829,0.473,-0.638,-0.105,-0.016,-0.065,-0.019,-0.383,-0.001,0.001,0.262,-0.026,distance_km,2.829,weather_index,0.473,week_of_month,0.262,day_of_week,-0.001,Base: 7.7h | Drivers: distance_km: +2.83h | weather_index: +0.47h | week_of_month: +0.26h | Helping: day_of_week: -0.00h
F5,P5,2026-04-30,Low,6.84,5.43,low risk,7.697,-0.307,0.34,-0.394,-0.199,-0.011,-0.149,-0.007,-0.455,0.002,0.001,0.386,0.071,week_of_month,0.386,weather_index,0.34,priority_encoded,0.071,supply_risk,-0.007,Base: 7.7h | Drivers: week_of_month: +0.39h | weather_index: +0.34h | priority_encoded: +0.07h | Helping: supply_risk: -0.01h
F4,P54,2026-04-30,High,4.11,2.78,low risk,7.697,-3.814,0.18,-0.205,0.33,-0.022,0.059,-0.007,-0.157,0.003,0.0,0.502,-0.059,week_of_month,0.502,base_production_per_week,0.33,weather_index,0.18,supply_risk,-0.007,Base: 7.7h | Drivers: week_of_month: +0.50h | base_production_per_week: +0.33h | weather_index: +0.18h | Helping: supply_risk: -0.01h
F1,P192,2026-04-30,Low,8.29,9.37,HIGH RISK,7.697,1.313,0.266,-0.518,-0.131,-0.019,-0.246,0.002,-0.434,-0.013,0.001,0.328,0.073,distance_km,1.313,week_of_month,0.328,weather_index,0.266,day_of_week,-0.013,Base: 7.7h | Drivers: distance_km: +1.31h | week_of_month: +0.33h | weather_index: +0.27h | Helping: day_of_week: -0.01h
F4,P153,2026-04-30,High,4.08,2.47,low risk,7.697,-3.847,0.18,-0.212,0.297,-0.023,-0.166,-0.007,-0.11,0.0,0.0,0.291,-0.047,base_production_per_week,0.297,week_of_month,0.291,weather_index,0.18,supply_risk,-0.007,Base: 7.7h | Drivers: base_production_per_week: +0.30h | week_of_month: +0.29h | weather_index: +0.18h | Helping: supply_risk: -0.01h
F3,P192,2026-04-30,Low,8.72,7.45,HIGH RISK,7.697,1.698,0.466,-0.552,-0.024,-0.017,0.073,-0.017,-0.501,0.029,0.001,0.54,0.084,distance_km,1.698,week_of_month,0.54,weather_index,0.466,supply_risk,-0.017,Base: 7.7h | Drivers: distance_km: +1.70h | week_of_month: +0.54h | weather_index: +0.47h | Helping: supply_risk: -0.02h
F4,P69,2026-04-30,Medium,6.04,5.6,low risk,7.697,-1.764,0.237,-0.26,0.333,-0.011,0.08,-0.007,-0.323,0.002,0.001,0.502,-0.017,week_of_month,0.502,base_production_per_week,0.333,weather_index,0.237,supply_risk,-0.007,Base: 7.7h | Drivers: week_of_month: +0.50h | base_production_per_week: +0.33h | weather_index: +0.24h | Helping: supply_risk: -0.01h
F2,P149,2026-04-30,Low,7.12,6.19,low risk,7.697,0.028,0.331,-0.422,-0.18,-0.002,0.046,0.027,-0.402,-0.029,0.001,0.385,0.085,week_of_month,0.385,weather_index,0.331,priority_encoded,0.085,production_variability,-0.002,Base: 7.7h | Drivers: week_of_month: +0.39h | weather_index: +0.33h | priority_encoded: +0.09h | Helping: production_variability: -0.00h
F1,P15,2026-04-30,High,8.72,10.44,HIGH RISK,7.697,1.845,0.344,-0.551,-0.163,-0.015,-0.161,-0.01,-0.451,0.031,0.0,0.343,-0.053,distance_km,1.845,weather_index,0.344,week_of_month,0.343,supply_risk,-0.01,Base: 7.7h | Drivers: distance_km: +1.84h | weather_index: +0.34h | week_of_month: +0.34h | Helping: supply_risk: -0.01h
F5,P11,2026-04-30,High,1.48,1.3,low risk,7.697,-6.008,0.142,-0.186,-0.116,-0.04,0.016,-0.007,-0.24,0.0,0.0,0.333,-0.046,week_of_month,0.333,weather_index,0.142,routing_complexity,0.016,supply_risk,-0.007,Base: 7.7h | Drivers: week_of_month: +0.33h | weather_index: +0.14h | routing_complexity: +0.02h | Helping: supply_risk: -0.01h
F5,P116,2026-04-30,Low,11.07,12.91,HIGH RISK,7.697,4.726,0.292,-0.72,-0.109,-0.002,-0.207,-0.01,-0.723,-0.016,-0.001,0.333,0.169,distance_km,4.726,week_of_month,0.333,weather_index,0.292,is_weekend,-0.001,Base: 7.7h | Drivers: distance_km: +4.73h | week_of_month: +0.33h | weather_index: +0.29h | Helping: is_weekend: -0.00h
F4,P159,2026-04-30,Low,8.82,12.09,HIGH RISK,7.697,1.189,0.359,-0.524,0.307,-0.0,-0.11,-0.01,-0.301,-0.001,0.001,0.33,0.058,distance_km,1.189,weather_index,0.359,week_of_month,0.33,production_variability,-0.0,Base: 7.7h | Drivers: distance_km: +1.19h | weather_index: +0.36h | week_of_month: +0.33h | Helping: production_variability: -0.00h
F3,P105,2026-04-30,Low,6.66,7.8,low risk,7.697,-0.551,0.216,-0.419,-0.091,-0.011,-0.316,0.004,-0.38,-0.013,0.001,0.276,0.057,week_of_month,0.276,weather_index,0.216,priority_encoded,0.057,production_variability,-0.011,Base: 7.7h | Drivers: week_of_month: +0.28h | weather_index: +0.22h | priority_encoded: +0.06h | Helping: production_variability: -0.01h
F4,P94,2026-04-30,Low,8.82,10.96,HIGH RISK,7.697,1.31,0.388,-0.509,0.331,-0.001,0.153,-0.019,-0.345,0.002,0.001,0.55,0.085,distance_km,1.31,week_of_month,0.55,weather_index,0.388,production_variability,-0.001,Base: 7.7h | Drivers: distance_km: +1.31h | week_of_month: +0.55h | weather_index: +0.39h | Helping: production_variability: -0.00h
F5,P140,2026-04-30,Low,8.72,7.59,HIGH RISK,7.697,1.745,0.459,-0.552,-0.211,-0.015,0.072,-0.019,-0.481,0.027,0.001,0.433,0.085,distance_km,1.745,weather_index,0.459,week_of_month,0.433,production_variability,-0.015,Base: 7.7h | Drivers: distance_km: +1.74h | weather_index: +0.46h | week_of_month: +0.43h | Helping: production_variability: -0.02h
